31	95.68	0.04
63	77.59	0
88	99.07	0.78
496	95.86	2.57
63	99.37	0.11
348	95.44	0.66
54	99.01	0.08
48	98.1	0.14
221	97.93	1.77
39	61.53	0.04
113	97.84	0.33
134	99.67	0.04
470	97.67	0.98
24	51.91	0.04
239	97.9	0.93
84	96.69	0.04
183	99.12	0.1
671	90.23	1.15
65	97.91	0.78
170	96.33	0.17
390	96.76	0.35
414	96.88	1.02
913	63.14	1.25
75	99.04	0.19
45	99.63	0.04
59	99.32	0.21
105	98.04	0.12
852	57.76	0
20	75.73	0.04
769	89.82	1.64
844	66.68	2.23
59	99.67	0.53
843	88.79	1.61
758	91.39	1.88
172	97.3	0.34
235	97.8	1.77
135	99.46	0.31
712	92.39	1.82
133	99.93	0.11
119	99.46	0.17
600	94.93	2.18
482	96.83	0.62
469	97.42	1.72
47	99.97	0.04
64	98.33	0.48
59	99.82	0.4
601	94.25	2.05
111	99.37	0.04
143	81.74	0.15
99	99.32	0.23
721	87.07	1.54
38	83	0.11
827	87.5	2.44
69	99.78	0.25
29	51.91	0.25
79	95.49	0.25
38	53.52	0.01
903	71.69	3.26
339	94.35	0.47
241	99.16	0.3
635	78.12	1.71
61	99.97	0.1
824	83.46	2.28
81	99.97	0.45
57	99.01	0.04
222	98.34	0.76
228	58.62	0
496	95.82	1.05
516	94.23	1.15
58	78.77	0.1
133	99.82	0.11
47	99.97	0.09
84	99.32	0.45
39	76.88	0.04
477	97.11	0.52
68	63.79	0
751	53.07	0.38
26	52.68	0.04
102	98.69	0.09
32	79.37	0.06
25	98.18	0.04
34	99.37	0.19
590	95.9	2.1
52	99.97	0.39
42	97.25	0.19
31	99.97	0.54
128	99.67	0.38
92	99.15	0.04
817	57.64	0.54
24	58.62	0
42	83.03	0.55
426	98.13	0.77
47	74.14	0
757	57.98	1.11
117	98.81	0.29
439	96.47	1.31
717	91.14	2.61
45	95.21	0.04
137	96.59	0.5
231	98.11	0.44
137	98.21	0.11
485	96.8	0.91
56	99.97	0.17
94	100	0.63
75	99.91	0.17
112	99.15	0.47
817	82.79	1.68
45	63.79	0
58	99.79	0.22
332	97.15	1.02
426	92.96	0.97
138	98.84	0.04
269	98.2	1.2
89	99.3	1.62
98	99.62	0.41
61	63.33	0.06
31	57.99	0.04
28	74.07	0.04
844	79.84	0.85
241	98.92	0.71
16	56.19	0
28	71.99	0.17
533	95.65	2.43
28	99.97	0.17
158	97.31	0.41
122	98.99	0.24
73	98.78	0.04
151	99.27	0.24
151	99.27	0.09
869	80.79	1.69
79	87.79	0.63
87	99.97	0.43
63	99.15	0.12
224	98.83	0.7
449	94.01	1.86
840	62.91	2.04
55	99.65	0.16
45	99.97	0.09
171	99.61	0.23
32	99.37	0.04
37	97.59	0.13
27	99.57	0.04
854	73.82	1.2
65	99.37	0.09
54	99.35	0.04
111	99.04	0.41
708	92.31	2.23
48	99.29	0.11
257	98.66	0.85
876	86.21	2.51
68	99.97	0.39
118	99.54	0.4
261	98.97	0.67
341	98.35	0.69
288	96.61	0.42
110	99.32	0.54
806	91.44	2.5
26	99.37	0.04
546	91.05	0.85
77	99.32	0.15
409	96.48	0.88
115	99.07	0.06
80	99.32	0.26
159	98.07	0.81
63	99.97	0.76
194	99.47	0.74
424	95.76	1.59
212	98.03	0.04
38	58.62	0
97	99.97	0.09
64	98.78	0.04
37	52.57	0
434	98.3	1.3
134	96.38	0.04
240	97.31	4.74
912	76.5	0.79
80	99.07	0.04
503	97	1.31
609	91.26	1.38
126	99.57	0.09
46	99.37	0.04
52	68.52	0.05
542	93.57	1.58
110	97.78	0.12
258	97.92	0.47
125	96.77	0.63
167	99.44	0.39
34	75.26	0.09
574	89.71	1.51
709	71.47	0.81
63	64.14	0.04
549	94.52	2.17
360	96.89	0.32
378	96.12	0.48
585	90.59	1.43
57	98.59	0.1
721	84.78	1.42
78	62.72	0.04
137	78.93	0.36
372	95.96	1.27
544	89.45	1.92
24	60.34	0
366	96.49	1.58
616	89.5	1.25
35	99.25	0.14
634	94.59	2.2
488	97.3	1.51
865	86.55	2.51
368	96.99	0.11
617	89.77	1.81
113	99.37	0.37
614	74.83	2.59
57	98.12	0.09
43	56.9	0
546	96.44	1.89
631	92.03	2.7
122	99.36	0.18
266	70.69	0
390	94.77	3.48
33	50.3	0.04
285	97.1	0.31
521	66.38	0
646	83.05	2.35
902	80.76	1.81
606	62.07	0
290	95.55	2
193	98.01	0.52
372	56.38	0
261	93.98	0.47
259	95.26	0.42
499	96.67	1.63
281	98.36	0.47
295	94.86	1.07
135	78.46	0.33
295	98.14	0.86
269	97.51	0.54
75	98.63	0.06
277	95.06	0.87
179	98.22	0.4
62	59.38	0.06
106	83.12	0.37
535	71.19	1.72
809	63.26	0.81
262	59.49	0.39
276	97.08	0.7
416	97.42	0.97
72	61.01	0.63
850	67.44	0.87
43	61.01	0.04
53	58.33	0.04
750	62.08	0.5
521	92.13	1.46
866	72.75	1.12
165	99.22	0.63
554	89.9	0.43
614	89.69	1.49
771	86.25	0.91
147	99.24	0.31
152	55.17	0
804	75.19	0.74
434	93.87	0.52
359	97.39	0.44
496	59.28	1.72
778	73.8	1.39
111	85.26	0.14
120	98.01	0.06
306	96.95	0.33
148	65.38	0.3
41	60.63	0.1
79	99.28	0.67
34	98.95	0.08
144	97.98	0.21
685	89.96	1.82
491	95.2	0.69
652	92.79	2
182	97.79	0.65
75	58.15	0.04
399	94.51	0.6
73	99.62	0.44
106	98.34	0.14
753	81.49	1.35
51	97.18	0.1
745	84.78	1.03
198	98.79	0.76
29	56.71	0.1
88	99.17	0.1
262	95.51	0.35
485	96.62	1.45
209	98.54	0.17
358	97.82	1.92
218	99.36	0.54
37	63.88	0.1
57	79.85	0.04
158	94.75	0.26
118	63.38	0.1
41	56.94	0.04
297	98.12	0.67
386	97.51	0.8
61	99.67	0.14
318	97.4	0.2
194	99.03	0.21
796	77.79	1.43
404	96.43	0.59
371	71.13	1.72
47	83.3	0.06
687	77.4	0.99
347	96.02	0.59
353	97.34	0.64
87	67.21	0.1
43	73.74	0.1
333	91.77	3.38
152	97.16	0.37
468	94.91	0.51
188	70.26	0.1
302	98.56	0.16
171	98.68	0.33
131	97.63	0.44
220	77.74	0
815	77.37	1.15
107	98.9	0.41
248	96.83	0.46
761	82.93	1.11
31	55.36	0.04
770	76.79	1.35
660	91.89	1.04
121	98.06	0.09
703	77.12	1.78
256	98.78	0.04
401	97.99	0.85
40	58.33	0.07
286	96.72	0.04
788	83.16	1.47
182	80.5	1.72
775	81.53	2.16
738	88.54	1.62
49	52.27	0.04
147	98.65	0.14
287	96.47	0.09
821	75.01	1.09
321	92.46	0.15
47	59.82	0.04
43	99.67	0.04
251	98.92	0.33
255	99.07	0.59
168	99.67	0.65
684	85.92	1.18
23	51.52	0.04
37	75.28	0.1
195	98.07	1
414	93.23	0.11
726	55.75	0.44
109	99.28	0.48
170	99.17	0.1
631	89.5	1.74
395	97.1	0.07
790	72.41	1.72
65	99.97	0.04
910	73.48	1.44
255	96.52	1.41
111	96.81	0.33
65	99.61	0.04
160	99.67	0.04
735	56.3	0.52
207	97.97	0.04
378	97.42	0.67
895	75.49	1.14
27	62.07	0
113	99.27	0.17
207	56.29	0.04
33	78.25	0.09
62	89.01	0.09
111	99.52	0.22
306	63.3	0.13
578	97.17	2.05
121	98.12	0.12
560	93.98	1.16
566	82.37	1.83
45	98.18	0.04
109	99.23	0.58
235	97.85	1.61
476	94.18	2.22
189	97.05	0.93
254	97.3	0.81
99	99.73	0.49
153	98.48	0.87
124	99.67	0.09
171	97.56	0.94
233	97.54	0.51
148	98.78	0.26
39	99.97	0.04
560	91.83	1.57
638	60.76	0.96
371	80.06	1.11
442	82.33	2.14
580	86.07	1.87
139	95.53	0.74
42	60.42	0.2
634	85.18	1.07
210	64.81	1.72
171	91.76	0.39
202	76.06	0.33
72	50.33	0.04
59	62.44	0.09
553	59.62	0.21
375	93.29	1.16
29	63.9	0.04
96	62.17	0.15
611	76.74	1.24
453	90.92	1.24
122	97.84	0.14
572	82.67	1.06
342	64.81	1.72
225	56.19	0
110	96.69	0.11
140	81.96	1.21
208	87.9	4.45
175	75.14	0.32
67	60.34	0
208	81.63	0.57
195	94.83	1.13
62	67.26	0.09
278	96.18	1.71
518	57.76	0.66
240	96.86	1.44
240	91.65	0.56
316	88.54	0.87
512	62.07	1.72
57	54.85	0.17
206	71.19	1.72
107	94.92	0.17
321	95.54	1.29
146	99.22	1.56
158	98.97	1.33
477	66.4	1.25
81	95.5	0.13
178	61.55	0
531	60.99	0.13
189	99.83	0.41
528	88.08	1.69
158	95.61	0.64
569	76.04	1.81
539	69.28	2.25
84	99.62	0.55
154	98.76	0.89
118	80.23	0.86
74	96.56	0.1
236	68.97	0
95	92.76	0.25
173	98.04	0.46
298	98.06	2.78
552	67.54	0.53
517	81.67	1.19
219	98.59	0.73
24	53.24	0.04
272	97.54	1.21
106	97.62	0.19
39	59.97	0.41
135	97.49	0.16
210	97.18	2.91
265	97.63	0.48
185	68.85	0.04
105	99.62	0.7
574	80.67	3.69
372	94.16	0.88
85	53.92	0
70	98.63	0.04
595	85.19	1.78
404	94.39	4.78
535	58.82	1.08
199	97.84	0.26
638	79.49	1.41
292	92.19	4.11
366	51.02	0
532	96.15	2.55
653	75.26	1.15
585	56.75	0.45
515	75.3	1.05
45	69.91	0.04
619	69.41	1.46
543	62	0.27
518	87.05	1.65
41	62.44	0.12
550	79.25	0.85
97	91.82	0.22
646	72.73	0.92
51	52.37	0.07
436	90.92	1.19
38	50.89	0.04
515	88.91	1.44
451	90.03	1.79
188	58.62	0
234	53.45	0
28	56.9	0
88	99.67	0.04
243	93.38	0.21
41	53.67	0.09
50	56.14	0.42
31	72.41	1.72
27	70.24	0.04
34	51.22	0.1
103	99.07	0.23
29	51.56	0.2
505	65.52	0.89
523	85.78	1.42
93	98.29	0.54
377	82.46	0.84
462	84.88	0.68
57	91.04	0.05
306	94.31	0.51
46	79.43	0.04
27	52.65	0.04
173	91.94	1.19
120	97.33	0.35
62	58.8	0.35
528	81.73	1.16
62	57.92	0
189	96.16	4.05
40	63.47	0.04
119	62.93	0
158	99.26	0.38
136	98.99	0.74
611	71.05	0.74
424	86.07	1.61
61	58.62	0
148	73.78	0
65	66.33	0.63
273	94.7	3.47
18	52.98	0.04
72	65.27	0.11
585	67.39	0.71
572	59.32	0.42
614	67.13	0.61
587	61.6	0.54
591	64.45	1.07
164	99.31	0.04
160	99.97	0.51
145	99.07	0.73
156	99.37	0.04
666	66.82	0.62
633	58.23	0
711	72.29	1.08
611	61.62	0.55
713	60.35	1.39
724	66.11	0.3
708	62.89	0.64
107	99.2	0.1
80	60.34	0
99	98.02	0.1
104	97.03	0.1
143	78.45	3.45
137	95	2.1
147	97.66	3.47
111	99.01	0.27
101	99.68	0.47
104	99.36	0.27
100	100	0.26
258	98.84	1.35
271	98.82	1.23
318	94.19	0.94
56	99.85	0.04
56	96.63	0.14
399	95.17	1.28
223	98.84	0.48
256	97.88	0.57
391	95.05	1.08
207	97.55	1.1
238	99.21	0.44
500	94.11	1.64
151	98.73	0.9
41	78.78	0.17
167	98.86	0.59
251	99.09	0.95
57	99.85	0.19
218	99.27	0.75
398	95.16	1.44
222	96.33	4.36
55	91.34	0.07
135	67.4	3.45
350	94.32	1.08
43	60.67	0.21
76	73.97	0.25
22	67.23	0.04
85	83.96	0.45
26	83.3	0.04
19	55.92	0.04
23	61.03	0.06
624	60.34	0
233	97	1.28
40	98.71	0.14
305	90.94	0.15
177	96.42	0.25
20	55.49	0.04
46	82.4	0.04
167	56.93	0.17
34	51.79	0.04
96	52.74	0
379	90.34	1.55
242	96.95	1.18
430	52.07	0
441	94.99	0.9
262	96.59	1.37
58	88.63	0.18
23	55.32	0.3
189	80.61	0.27
284	96.38	0.82
45	77.52	0.39
193	95.95	1.2
122	52.08	0.26
162	61.55	0
135	58.62	0
126	59.21	0.22
339	93.9	0.94
143	70.88	0.23
231	96.88	1.11
187	97.58	1.62
137	77.09	0.84
57	90.15	1.32
166	98.25	0.62
92	77.93	0
431	60.5	0
591	65.39	0.73
293	93.26	1.21
337	95.72	0.9
204	57.5	0.13
240	94.07	1.52
123	94.76	0.31
516	79.68	2.25
87	99.97	0.66
115	99.07	0.86
79	99.97	0.29
164	97.46	0.39
249	96.3	0.79
277	94.12	2.75
43	99.31	0.04
42	99.31	0.04
639	65.5	1.02
675	83.75	1.85
343	95.81	0.16
475	89.64	1.4
648	78.02	1.55
699	66.83	1.2
186	99.5	0.46
37	59.52	0.19
52	99.37	0.19
51	99.97	0.19
44	92.31	0.2
537	91.99	0.93
587	89.72	1.02
547	87.05	1.7
546	90.53	1.36
287	97.96	1.19
78	94.63	0.1
57	82.55	0.1
54	80.72	0.1
534	50.78	0.11
696	65.18	0.95
73	99.6	0.13
453	68.56	0
80	98.98	0.41
165	98.52	1.57
230	94.76	0.59
271	71.54	1.03
189	98.26	0.65
187	94.06	0.25
588	79.67	1.25
781	64.86	1.45
96	97.49	0.16
650	79.56	0.58
604	61.47	0.72
386	96.66	1.18
73	99.1	0.04
475	96.05	1.09
177	97.98	0.96
451	64.66	0
81	99.67	0.57
31	60.17	0.58
570	83.4	0.86
278	95.02	0.6
518	56.18	0.24
65	99.07	0.06
58	99.37	0.04
601	58.62	0.38
630	80.24	1.19
331	95.73	0.75
232	97.54	0.51
134	96.85	0.26
35	99.97	0.04
560	91.83	1.57
50	99.37	0.04
101	96.69	0.39
499	93.04	0.8
598	83.65	0.69
212	98.59	0.91
88	99.61	0.89
31	58.62	0
29	62.41	0.07
347	95.17	1.57
43	75	0.04
697	71.02	0.65
105	97.62	1.28
737	83.48	2.49
577	91.95	1.43
91	98.78	0.21
123	98.48	0.95
52	63.67	0.43
70	99.41	0.48
391	94.72	1.41
642	68.7	0.36
259	97.85	2.14
63	99.37	0.04
362	91.02	2.16
220	97.34	0.68
708	80.93	1.78
223	97.92	0.65
39	98.71	0.1
509	90.34	2.2
52	77.51	0.37
681	76.83	1.94
34	69.16	0.1
52	66.96	0.1
98	60.34	0
97	99.97	0.21
118	99.23	0.49
77	73.24	0.2
607	78.82	0.38
100	53.45	0
467	90.42	1.06
378	94.92	0.99
58	99.37	0.04
411	78.74	0.41
498	93.11	2.12
237	97.18	0.75
326	94.02	0.67
408	55	0
54	99.01	0.08
214	97.93	1.32
33	56.11	0.04
111	97.54	0.33
134	99.67	0.04
358	95.2	0.74
23	51.61	0.04
230	97.55	0.82
81	95.21	0.04
132	99.81	0.16
604	86.27	1.36
42	58.62	0
164	96.18	0.17
378	96.8	0.33
329	94.04	0.95
76	99.04	0.19
31	56.9	0
61	99.32	0.21
95	87.13	0.16
22	89.99	0.04
553	91.74	0.89
59	99.67	0.53
644	85.98	1.06
170	97.18	0.34
146	97.24	0.09
621	88.82	1.24
131	99.93	0.11
114	92.02	0.11
491	90.03	1.65
446	97.09	0.65
444	95.27	1.64
45	99.97	0.04
61	97.73	0.48
58	99.82	0.4
487	92.64	2.38
95	99.37	0.04
133	80.77	0.1
71	90.31	0.15
600	82.86	1.27
39	83	0.11
691	82.14	1.89
70	99.19	0.25
29	57.27	0.25
66	80.95	0.34
668	83.84	3.33
332	95.33	0.47
231	98.41	0.3
530	81.96	2.19
64	99.87	0.1
667	75.86	2.72
82	99.97	0.45
55	99.01	0.04
209	98.13	0.75
408	93.21	1.68
482	90.96	0.95
38	56.4	0.04
127	99.82	0.11
43	99.97	0.09
86	99.32	0.45
25	53.56	0
444	96.32	0.47
52	55.49	0.1
28	53.27	0.04
50	56.81	0.05
29	99.67	0.39
539	94.25	2
35	74.7	0.39
44	98.44	0.33
30	99.97	0.54
102	95.98	0.23
90	99.05	0.04
23	58.14	0.04
20	54.2	0
394	97.14	0.76
117	98.81	0.29
402	95.05	1.38
600	77.59	1.72
37	77.05	0.04
141	96.54	0.51
230	97.4	0.44
59	54.69	0.04
349	97.78	1.35
55	99.97	0.17
95	100	0.63
75	99.91	0.17
323	97.26	0.58
667	77.79	1.2
62	99.97	0.56
58	99.79	0.22
320	96.64	1.59
399	91.73	0.93
126	98.24	0.04
41	53.27	0.04
262	97.81	1.32
92	99.3	3.77
85	99.62	0.43
72	71.28	0.14
33	98.08	0.04
669	71.53	0.54
227	98.59	0.72
27	69.9	0.17
494	93.62	1.76
60	56.42	0.04
136	97.13	0.24
128	98.97	0.09
659	73.71	0.74
53	57.98	0.04
85	98.7	0.1
60	99.15	0.12
160	97.52	0.81
250	95.55	0.96
611	54.14	0.64
46	79.86	0.16
43	99.93	0.09
170	99.57	0.23
29	97.88	0.04
28	78.19	0.13
27	78.44	0.04
628	61.99	0.69
42	60.34	0
51	99.35	0.04
284	96.29	0.68
595	86.19	1.89
47	99.29	0.11
270	98.45	0.74
735	81.66	1.84
54	97.59	0.04
64	96.1	0.39
111	98.32	0.41
318	96.94	0.96
536	80.44	0.52
58	97.87	0.04
686	86.33	1.85
43	99.97	0.14
486	87.16	0.64
93	73.43	0
355	94.51	0.82
112	98.48	0.06
59	78.13	0.1
83	55.87	0.59
62	99.97	0.76
193	99.35	0.73
398	93.79	1.38
204	98.58	0.1
94	99.37	0.09
35	52.27	0
429	96.96	1.49
131	96.38	0.04
224	96.89	2.36
692	68.6	0.88
82	99.67	0.04
417	94.3	3.94
585	91.08	1.08
125	99.57	0.09
48	99.67	0.04
67	98.94	0.05
473	56.19	0
109	97.78	0.12
217	97.86	0.67
24	71.25	0.04
117	75.86	0
147	98.14	0.38
33	58.62	0
277	93.92	2.42
297	97.74	0.77
559	72.41	1.72
172	95.89	0.04
546	76.48	1.33
96	99.23	0.39
153	94.61	3.84
171	97.39	0.58
29	53.81	0.04
157	98.36	0.69
168	98.42	0.4
375	86.44	0.72
472	67.49	1.63
662	65.64	0.94
107	95.84	0.41
437	81.11	0.53
127	99.39	0.18
686	66.29	0.98
271	96.87	0.69
671	80.57	1.42
39	52.62	0.1
203	96.96	0.39
149	98.93	0.35
178	54.31	0
556	83.89	1.05
214	70.47	0.22
34	55.17	0
67	53.45	0
68	80.61	0.15
338	93.93	0.79
70	78.62	0.41
112	99.57	0.19
128	85.9	0.35
375	72.41	0
148	94.21	0.66
119	99.37	0.17
34	78.54	0.09
590	55.62	0.58
107	99.52	0.22
180	51.72	0
262	57.17	0.13
536	96.86	2.36
115	98.12	0.12
511	93.06	0.57
477	77.74	1.44
504	84.21	1.3
351	93.82	0.38
238	97.46	0.33
225	99.17	0.33
75	99.67	0.04
189	97.83	0.58
1378	70.37	2.37
180	98.54	0.19
425	94.35	1.28
116	93.78	2.7
1267	63.8	1.12
378	94.85	0.66
66	96.28	0.1
90	99.37	0.19
325	98.63	1.09
152	97.54	0.04
46	99.37	0.04
171	97.77	0.21
150	99.97	0.39
77	96.99	0.04
502	88.32	1.23
119	97.57	0.8
496	90.62	0.69
1181	80.26	2.25
91	97.24	0.41
1361	72.77	1.91
262	97.36	1.15
1489	85.83	1.81
1136	86.55	4.71
1332	85.93	2.19
163	98.78	0.43
284	98.46	1.2
500	89.43	1.13
156	96.68	0.77
1464	73.29	2.12
608	88.41	2.3
1217	84.3	3.11
132	99.62	0.97
442	96.95	1.41
177	99.33	0.78
1360	88.62	3.1
265	98.2	0.93
468	94.8	3.41
157	98.18	0.08
708	91.82	1.02
835	96.37	4.94
1261	81	2.99
384	93.6	0.66
76	99.32	0.24
989	91.39	2.09
166	97.81	0.57
1285	78.54	2.92
1202	78.15	2.66
145	98.28	0.14
63	97.9	0.1
150	97.38	0.2
112	99.37	0.12
210	97.82	0.9
189	98.78	0.67
1319	61.12	0.98
128	98.48	0.19
159	98.48	0.14
337	95.46	0.72
231	98.58	0.81
75	99.37	0.33
57	99.97	0.07
203	98.36	0.18
303	97.72	1.44
288	97.3	0.43
544	68.57	0.53
266	96.84	0.93
130	98.93	0.55
593	64.4	0.91
1139	84.11	2.23
180	97.59	0.58
1235	73.79	1.61
334	95.35	1.07
171	94.89	0.16
57	99.37	0.08
269	97.25	0.34
412	97.2	1.27
110	97.88	0.15
585	83.89	2.46
1191	61.23	1.88
63	99.93	0.19
97	99.62	0.28
244	99.67	1.61
63	99.62	0.1
446	97.68	0.9
534	98.16	1.9
614	95.84	2.42
54	99.97	0.67
256	98.03	0.68
279	97.29	0.29
184	98.74	0.38
149	98.68	0.34
66	99.56	0.16
188	97.65	0.09
714	80.88	3.08
472	95.16	0.71
1589	84.15	3.7
78	96.59	0.05
62	97.59	0.04
68	97.87	0.1
253	97.94	0.98
1430	75.94	1.25
44	99.82	0.04
596	81.25	1.12
1304	79.92	1.96
117	99.97	0.72
1348	88.32	3.15
744	89.35	1.34
894	97.48	2.38
944	93.03	3.27
145	98.86	0.04
527	85.88	1.29
132	96.4	0.11
120	95.75	0.11
422	94.18	0.76
445	93.27	1.04
47	96.95	0.04
114	99.82	0.39
58	99.22	0.39
565	86.55	1.64
115	99.35	0.07
520	92.64	3.9
112	97.18	0.23
1063	86.56	1.29
37	97.29	0.04
1419	61.13	1.23
585	79.67	1.21
55	96.99	0.17
45	96.4	0.17
79	99.67	0.09
74	99.82	0.09
1237	85.95	2.84
351	96.89	0.41
212	95.84	0.25
1063	85.02	2.71
61	99.97	0.19
655	87.21	1.71
110	97.29	0.39
79	99.62	0.54
225	99	1.29
614	81.49	2.87
482	87.13	0.97
82	97.18	0.1
108	99.61	0.1
76	99.97	0.09
115	99.32	0.14
47	99.97	0.04
74	99.97	0.33
682	93.65	1.15
96	98.43	0.15
80	99	0.09
96	98.39	0.14
716	90.98	1.51
49	99.92	0.39
66	97.67	0.39
46	99.97	0.39
107	97.03	0.04
131	94.66	1.08
76	99.97	0.04
1414	63.69	1.77
47	99.97	0.04
45	99.97	0.39
59	99.97	0.04
479	96.21	0.76
86	99.97	0.39
1080	66.41	1.15
35	99.97	0.33
479	86.81	1.09
584	85.74	0.69
58	99.97	0.04
110	99.33	0.12
835	95.73	4.35
243	97.13	0.45
778	91.61	3.89
125	96.35	0.19
400	95.22	0.58
66	98.26	0.17
138	97.62	0.63
70	97.66	0.17
177	99.67	0.17
566	66.94	1.04
42	99.97	0.39
75	99.61	0.07
365	97.76	1.06
662	85.48	3.29
750	86.22	3.61
84	94.82	0.2
131	96.92	0.33
60	99.97	0.04
44	99.97	0.04
1316	80.81	1.57
252	97.54	0.28
55	99.65	0.43
73	99.97	0.23
578	83.6	1.77
62	99.97	0.23
212	99.07	0.17
212	97.11	0.09
124	99.97	0.04
169	96.96	0.09
142	97.48	0.09
1337	83.34	1.38
496	97.25	4.24
70	98.55	0.04
181	98.44	0.35
57	99.97	0.39
72	99.97	0.12
303	98.88	0.63
57	99.97	0.09
99	99.97	0.09
168	98.28	0.23
89	98.18	0.38
88	99.97	0.38
37	98.97	0.04
1369	78.52	1.66
88	99.64	0.09
741	94.85	3.66
54	99.67	0.11
270	96.87	0.37
819	77.24	1.78
119	99.07	0.2
82	99.71	0.33
306	99.37	1.12
339	96.56	0.45
513	94.6	1.67
75	97.57	0.04
719	93.4	2.91
39	99.97	0.04
521	88.04	1.56
128	94.92	0.57
466	94.1	1.72
118	97.44	0.04
91	98.77	0.31
211	98.75	1.62
69	99.67	0.69
238	97.07	0.62
299	96.19	0.08
62	96.69	0.04
141	98.18	0.98
70	97.54	0.04
65	97.24	0.04
539	95.1	0.96
127	99.11	0.04
265	79.38	0.56
65	99.97	0.04
1502	79.84	2.29
85	96.65	0.04
80	98.18	0.04
572	83.63	3.46
577	81.64	0.99
142	96.89	0.09
52	99.97	0.04
66	97.29	0.04
665	69.8	2.27
207	97.48	0.09
279	95.04	0.48
40	99.97	0.04
162	99.97	0.4
305	99.06	1.24
104	99.97	0.09
395	97.29	3.38
342	96.08	1.49
135	96.1	0.4
389	94.24	0.59
63	97.88	0.07
1184	86.64	2.69
190	98.63	4.33
293	96.18	2.74
124	97.73	0.54
100	99.37	0.04
200	98.51	0.9
377	97.19	1.28
1123	83.89	1.75
297	96.43	0.75
214	95.8	0.25
645	96.43	2.91
374	95.7	1.36
86	98.18	0.19
523	97.04	1.17
676	96.64	2.32
1286	84.73	3.49
1467	71.9	1.75
426	95.47	1.71
481	72.88	0.76
226	96.59	0.58
141	99.09	0.14
1473	72.73	1.71
546	96.21	1.41
395	95.77	1.17
587	98.49	2.73
116	99.67	0.16
844	85.02	2.33
569	88.09	1.8
946	88.42	3.62
61	95.23	0.14
391	97.22	1.42
1270	82.68	1.72
624	71.54	0.6
596	94.84	2.43
390	75.14	3.45
667	70.96	2.06
96	97.29	0.19
329	94.28	0.96
468	92.54	1.05
573	72.41	3.45
364	97.53	0.55
105	99.97	0.14
62	99.08	0.1
401	97.08	1.27
584	76.81	1.64
340	93.08	2.87
104	98.48	0.1
797	88.88	1.8
999	93.49	3.25
77	99.97	0.07
311	96.63	0.6
405	66.72	0
200	98.69	0.22
1306	66.37	2.14
138	96.1	3.33
465	70.17	0
860	92.88	3.8
1356	69.56	1.79
71	99.37	0.04
400	97.65	2
325	98.51	0.95
164	97.29	0.61
275	97.47	1.23
275	94.8	0.85
1263	59.29	1.37
100	97.87	0.14
241	97.88	1.5
1204	61.7	2.19
87	94.85	0.05
401	98.3	1.76
164	97.83	0.13
383	97.2	1.56
509	81.62	1.37
388	96.3	1.11
241	97.9	0.59
635	75.08	2.83
842	82.34	1.17
226	97.59	0.74
96	96.69	0.11
1358	78.37	2.83
96	99.37	0.29
90	97.49	0.28
304	96.48	1.41
309	96.37	0.5
48	99.97	0.04
56	99.62	0.16
1373	66.53	1.15
235	93.48	3.23
634	90.05	0.93
64	97.59	0.35
66	97.18	0.16
1015	93.75	4.34
69	99.37	0.04
43	99.37	0.04
919	97.39	4.21
63	99.97	0.11
320	71.87	3.45
471	95.94	3.59
1087	86.32	2.05
792	88.32	3.71
37	99.97	0.04
127	99.58	0.86
216	97.68	2.74
710	96.35	4.1
244	98.33	0.31
99	97.97	0.1
53	99.97	0.11
189	97.88	0.54
1206	59.69	1.92
203	98.22	0.16
572	93.53	4.22
63	99.62	0.14
129	99.62	0.28
58	100	0.04
79	98.48	0.15
122	97.9	0.52
109	99.67	0.14
761	66.9	0.66
274	97.75	0.16
491	97.2	2.16
183	67.24	0
717	85.87	1.32
17	55.95	0.04
21	72.92	0.04
24	58.52	0.04
49	59.05	0.85
11	63.39	0.04
319	96.96	0.7
55	88.32	0.1
23	72.64	0.04
657	56.35	0
759	94.66	2.71
51	60.34	0
29	87.12	0.15
53	58.87	0.04
63	58.89	0.44
457	95.69	0.87
813	79.99	1.69
96	99.67	0.19
177	99.57	0.87
16	64.25	0.17
45	54.72	0
309	92.94	0.4
19	75.86	0
59	99.59	0.15
65	97.45	0.53
22	60.39	0.21
222	97.27	1.66
116	99.17	0.5
42	99	0.19
56	84.71	0.26
38	99.97	0.04
17	70.06	0.04
28	82.41	0.04
16	64.25	0.04
30	99.37	0.04
23	99.37	0.08
57	99.97	0.09
126	55.88	0.39
84	99.07	0.39
90	99.67	0.39
78	99.97	0.38
128	96.99	0.49
71	99.37	0.04
25	82.11	0.39
21	82.71	0.04
34	99.16	0.09
713	54.53	0.8
30	99.97	0.17
61	99.82	0.29
37	99.37	0.17
576	96.01	1.64
22	99.07	0.33
27	98.78	0.33
141	97.77	0.42
37	98.71	0.04
36	77.6	0.07
26	62.5	0.04
308	59.83	1.72
194	96.07	0.5
39	61.31	0.04
54	96.54	0.25
55	99.97	0.25
310	98.83	0.88
28	82.71	0.04
17	71.4	0.04
180	94.37	0
124	98.41	0.41
33	99.91	0.19
110	84.63	0.33
41	58.62	0
30	99.97	0.15
28	99.37	0.15
800	81.46	1.96
45	77.37	0.1
70	94.9	0.1
16	81.22	0.04
24	99.93	0.1
745	88.69	2.29
289	97.4	1.23
217	97.97	0.7
26	81.81	0.04
63	57.76	0.06
33	66.96	0.04
24	58.63	0.04
150	64.17	0.3
781	66.2	3.13
657	83.56	1.11
28	58.62	0
872	89.1	2.42
30	77.59	0
73	64.57	0.04
340	97.65	0.15
432	96.73	0.57
948	75.73	0.53
867	69.74	0.72
494	97.16	0.5
214	99.57	0.12
455	96.36	0.52
458	64.66	0
210	97.31	0.53
50	77.8	0.41
598	89.42	1.31
81	93.94	0.1
700	86.78	4.95
812	75.86	0.89
36	55.65	0.35
220	97.05	0.68
22	50.56	0.04
36	55.05	0.1
250	94.33	0.44
334	96.72	1.28
26	52.44	0.14
103	95.52	0.41
287	96.7	1.35
198	72.18	0
889	86.66	3.11
48	58.25	0.08
286	98.16	0.82
51	85.37	0.1
36	54.83	0.1
368	95.87	1.01
62	60.23	0.04
254	96.82	0.07
221	97.17	0.33
32	51.72	0
68	99.17	0.09
73	74.3	0.63
430	94.8	1.53
285	98.64	0.94
810	88.65	2.45
730	89.92	1.64
204	56.43	0.82
213	98.31	0.14
460	96.93	1.75
446	96.78	1.55
54	79.31	0
609	90.05	1.78
91	86.87	0.04
252	96.04	0.97
68	97.88	0.17
576	92.39	2.09
304	98.01	0.44
577	96.87	1.95
255	97.27	0.84
749	82.93	1.72
334	98.18	1.27
481	77.59	1.72
70	99.62	0.1
793	84.71	1.07
1034	68.77	3.23
977	68.4	1.65
58	78.24	0.39
57	99.67	0.04
60	99.37	0.19
248	96.25	1.23
137	99.88	0.1
37	99.97	0.04
136	99.18	0.45
544	85.5	0.62
123	99.45	0.04
113	81.03	0
462	96.11	1.68
668	91.2	1.53
513	97.88	1.2
77	65.52	1.72
135	99.67	0.96
134	97.29	0.22
399	96.66	2.05
898	75.4	2.24
832	62.62	1.33
947	82.74	1.21
25	58.27	0.04
758	93.04	2.32
38	83	0.37
902	78.32	2.3
782	91.43	2.91
886	78.85	1.6
878	79.79	1.39
600	95	1.65
51	98.48	0.4
119	99.59	0.44
361	98.73	1.31
12	50.89	0.04
15	78.24	0.04
944	86.65	2.36
780	56.11	0.34
19	65.97	0.04
609	95.65	2.08
34	78.6	0.04
289	97.44	1.59
115	99.31	0.05
80	99.11	0.04
748	54.96	0.33
307	98.47	0.5
753	70.8	1.34
22	52.13	0.23
798	64.4	0.88
38	50.04	0
61	98.71	3.36
587	94.36	2.39
594	88.8	2.24
855	62.07	1.72
202	97.4	0.52
38	75.86	0
949	73.34	0.78
634	82.77	1.47
51	99.37	0.04
30	70.69	0.86
338	97.18	0.22
602	85.38	0.69
895	83.68	0.97
100	99.59	0.69
745	92.55	1.46
539	96.83	1.19
705	92.83	1.39
47	55.17	0
118	98.18	1.15
40	77.65	0.43
327	97.44	0.8
32	61.9	0.35
846	81.19	1.72
248	72.41	0
743	90.38	1.27
37	61.77	0.02
688	57.7	1.06
184	98.39	0.48
80	99.24	0.56
421	95.91	2.25
669	92.92	1.73
102	97.93	0.16
305	97.91	1.67
57	99.97	0.04
339	97.67	1.2
669	91.91	2.99
949	81.99	3.9
172	98.45	0.6
38	99.32	0.1
471	92.45	1.01
38	60.44	0.04
813	90.28	1.57
884	68.66	2.96
518	95.47	1.8
63	65.43	0.12
95	99.97	0.21
809	68.3	0.56
97	99.97	0.09
790	57.4	1.11
140	99.22	0.16
21	81.22	0.19
53	50.75	0.02
719	84.82	2.58
149	97.88	0.04
43	70.8	0.04
536	85.95	0.47
781	90.15	1.06
748	59.05	1.25
804	82.7	0.64
96	70.16	0.52
71	78.45	0
74	85.28	0.41
248	97.57	1.75
809	55.53	0.82
424	94.14	0.34
672	58.51	0.23
451	93.91	0.14
123	96.94	0.06
490	95.16	0.53
487	96.74	0.65
493	91.97	0.9
362	96.25	0.88
591	69.14	0.86
162	98.63	0.17
539	95.04	0.18
394	97.71	0.72
325	97.82	0.19
260	97.78	0.6
175	99.67	0.04
242	59.83	0
311	95.84	0.48
647	54.47	0.29
694	88.4	3.27
751	58.54	0.37
732	73.11	1.21
221	99.01	0.52
135	97.59	0.04
338	70.57	0.34
671	67.23	0.32
729	56.54	1.09
363	94.88	0.31
85	52.66	0.14
517	92.51	0.24
224	98.1	0.19
569	95.36	1.96
669	76.45	0.11
537	91.42	0.38
65	95.47	0.48
725	77.65	1.49
76	53.76	0.15
449	73.43	0
725	61.58	0.36
541	85.04	0.82
455	91.74	0.09
357	96.98	1.45
233	76.49	0.05
408	96.03	0.27
103	98.48	0.04
583	91.97	0.17
573	86.37	0.37
425	96.08	0.24
660	75.5	0.89
625	51.88	0
260	98.29	0.56
754	84.74	2.1
177	73.1	1.69
252	96.6	0.26
562	93.3	0.38
549	94.82	0.64
691	89.07	1.21
513	95.44	1.03
39	62.68	0.04
67	78.47	0.34
486	95.07	0.38
59	99.62	0.41
738	74.92	1.52
206	99.21	0.26
711	56.03	0.18
601	90.41	2.26
730	71.77	0.43
206	98.18	0.36
737	71.83	0.69
702	54.98	0.52
325	96.39	0.16
724	63.88	0.24
320	97.99	1.58
273	97.84	0.15
300	98.49	0.04
763	83.82	0.57
735	90	1.36
535	95.14	0.9
787	80.07	0.34
729	88.94	1.9
755	68.87	0.52
320	97.77	0.76
416	95.71	1.6
512	92.36	0.62
395	94.83	0.39
79	72.51	0.1
215	96.54	0.5
811	54.62	0.75
118	98.9	0.12
674	92.36	0.63
639	95.09	0.95
432	92.97	1.84
936	76.89	1.21
973	71.62	1.22
961	66.05	0.51
1016	82.01	1.88
338	98.55	1.32
359	96.76	1.34
509	94.45	1.2
532	96.13	2.55
620	92.28	2.98
966	80.22	1.6
300	96.51	0.5
34	99.01	0.14
48	99.93	0.12
75	99.15	0.37
118	98.09	0.04
71	97.97	0.82
33	99.37	0.48
878	81.21	2.01
23	75.86	0
132	99.1	0.6
793	90.64	2.94
60	96.15	0.54
239	98.76	0.43
341	99.01	2.09
65	99.67	0.04
260	63.95	1.72
814	62.49	0.97
192	98.89	0.04
51	99.82	0.11
182	98.54	0.89
751	92.92	3.85
770	69.61	1.84
597	92.39	1.84
36	99.07	0.04
67	99.97	0.16
88	99.32	0.06
93	98.52	0.54
71	99.01	0.1
574	97.38	2.25
110	98.7	0.51
905	85.47	1.11
35	97.64	0.04
429	96.46	1.84
140	97.95	0.04
78	99.32	0.05
383	97.95	0.58
700	54.58	0.84
51	60.34	0.86
458	96.54	0.96
147	98.7	0.78
807	65.48	0.44
742	65.01	1.2
783	63.09	0.56
328	96.16	0.61
802	68.39	0.98
37	78	0.4
547	93.9	3.15
201	98.49	1.26
117	56.9	0
26	60.93	0.04
646	90.71	1.43
822	63.26	1.58
28	82.3	1.19
29	97.08	0.04
21	56.44	0.04
41	74.84	0.04
26	83.9	0.28
21	88.04	1.03
68	96.02	0.69
39	85.65	0.65
24	86.27	0.19
18	53.67	0.04
15	64.12	0.04
30	53.45	0
210	95.54	0.61
102	99.64	2.58
469	95.37	1.36
318	91.05	0.86
51	55.71	0.7
540	65	0
66	99.22	0.11
428	56.9	0
156	98.4	0.14
760	71.22	0.98
69	76.25	0.19
220	98.79	0.12
180	97.4	0.35
883	78.8	2.23
43	50.3	0.04
335	97.49	1.77
223	95.61	0.14
284	95.74	0.85
846	71.5	1.7
97	98.42	0.18
915	73.52	2.23
456	96.3	0.97
868	75.4	1.09
28	58.47	0.18
321	53.2	0.17
33	67.33	0.1
297	84.66	0.35
419	97.7	0.58
340	96.2	1.17
121	99.37	0.11
451	91.72	1.05
874	76.07	0.35
507	95.19	1.11
815	80.74	1.26
383	97.96	1.28
702	57.83	0.9
735	73.76	0.71
73	97.11	0.09
88	99.45	2.01
245	94.17	0.99
659	93.86	3.38
808	82.01	1.56
152	97.46	0.17
194	97.44	0.48
877	81.17	1.95
37	75.86	0
103	99.37	0.52
455	95.72	2.28
717	89.69	2.08
825	59.8	0.61
763	82.91	1.89
694	95.42	3.63
683	91.14	1.95
221	98.03	2.98
648	89.37	1.84
311	96.58	0.96
723	65.52	0
342	96.98	0.92
787	82.17	1.13
598	89.04	1.59
811	74.82	1.28
849	86.14	2.64
198	97.18	0.33
102	99.89	0.65
55	82.55	0.14
170	98.6	0.28
844	72.82	1.78
244	96.77	0.23
277	97.97	0.58
773	90.59	3.03
834	90.08	4.46
632	88.09	1.48
475	92.38	0.78
510	95.72	0.8
79	96.76	0.84
665	90.13	1.56
266	96.98	0.44
45	96.73	0.33
105	81.99	0.1
836	68.14	1.22
710	81.72	1.72
378	94.38	0.75
224	98.17	0.77
757	86.3	1.26
373	96.84	0.25
721	79.22	0.99
819	83.85	1.8
729	58.34	0.82
91	99.56	0.22
705	58.58	0.44
33	71.13	0.04
664	91.62	2.39
111	99.82	0.09
541	95.57	1.27
55	99.32	0.15
73	74.43	0.41
248	97.71	2.21
59	99.97	0.47
123	99.3	0.94
284	81.38	1.72
401	87.11	0.99
860	84.79	1.59
758	89.36	1.27
67	98.34	0.25
427	93.67	0.71
394	96.21	1.8
38	99.97	0.33
570	93.63	1.53
265	96.25	0.71
561	87.88	1.39
44	66.51	0.51
72	66.93	0.3
61	97.59	0.37
62	99.07	0.07
59	99.97	0.78
677	52.59	0
81	95.56	0.18
182	99.53	0.54
365	96.89	1.07
89	83.6	0.19
43	99.37	0.33
840	70.89	1.34
476	90.94	0.34
349	93.48	0.94
63	99.62	0.21
665	94.39	1.49
662	54.58	0.74
382	95.27	0.31
369	96.23	0.38
264	99.28	0.8
192	97.57	0.39
76	95.42	0.09
675	89.6	3.28
132	98.58	0.65
441	97.59	1
170	96.28	0.68
825	74.65	2.77
72	99.67	1.04
677	94.42	0.95
31	99.97	0.04
352	98.47	1.1
618	91.65	1.9
43	78.96	0.04
276	90.87	1.76
410	95.08	1.18
675	91.12	1.35
45	99.67	0.04
219	94.93	0.18
29	68.57	0.2
43	62.5	0.04
245	93.04	0.73
60	99.32	0.1
91	98.61	0.75
286	96.06	1.4
288	94.62	1.14
351	98.41	1.78
23	62.32	0.33
345	95.81	1.57
385	62.93	0
267	96.03	1.64
644	87.6	1.68
312	97.14	2.22
55	78.42	0.19
714	57.66	0.53
292	96.84	1.14
416	96.17	2.03
390	95.51	3.1
761	67.89	1.84
763	52.23	0
135	98.23	0.59
147	98.49	0.3
626	92.05	1.43
474	95.17	0.57
421	96.36	1.38
635	55.17	0
40	76.86	0.1
809	62.52	1.52
100	60.34	0
89	99.37	0.31
283	93.77	2.2
34	75.86	0
423	94.47	1.01
33	77.94	0.04
39	64.87	0.04
153	98.35	0.47
46	97.51	0.04
656	62.13	0.69
916	55.85	1.12
854	90.2	2.85
815	59.59	1.78
799	88.07	2.11
25	70.69	0
134	97.59	0.33
30	51.72	0
20	51.72	0
18	62.44	0.04
692	72.15	1.36
661	71.97	1.13
321	95.95	0.82
49	59.95	0.1
22	63.52	0.04
34	99.97	0.54
22	68.61	0.04
284	67.4	0
700	76.31	2.38
25	51.72	0
11	58.62	0
33	63.39	0.33
13	51.72	0
23	59.23	0
24	79.67	0.04
27	60.42	0.33
334	96.33	0.73
588	82.65	1.17
284	97.69	0.3
266	66.88	0
55	98.13	0.33
26	69.29	0.04
62	98.99	0.33
40	99.97	0.54
565	73.28	0
313	96.43	0.71
327	95.53	0.83
303	64.29	0
35	64.37	0.04
58	99.04	0.33
272	96.95	0.38
22	71.63	0.04
285	71.19	1.72
36	83.46	0.33
588	84.5	1.02
287	97.48	0.42
58	98.68	0.38
27	99.97	0.19
291	97.2	0.43
65	99.07	0.45
696	75.25	1.75
24	52.68	0.04
37	99.97	0.54
24	92.47	0.04
308	96.84	0.88
568	83.24	0.74
612	72.05	0.71
695	78.65	0.77
604	82.52	1.96
290	70.33	0
20	66.61	0.04
54	99.07	0.33
321	96.37	0.69
26	79.54	0.04
42	99.07	0.33
33	70.24	0.04
329	96.32	1
36	50.15	0
39	97.25	0.04
30	81.63	0.11
31	99.37	0.54
278	96.56	0.28
553	88.54	1.16
43	79.43	0.48
685	63.26	0
133	95.55	0.32
693	83.86	3.84
33	99.97	0.39
308	58.26	0
665	54.31	0
298	97.57	0.47
35	99.97	0.54
31	78.27	0.33
313	60.85	0
29	99.37	0.19
34	84.19	0.33
14	60.21	0.04
11	51.79	0.04
637	63.79	0
639	69.41	1.67
295	96.88	0.39
18	81.04	0.04
670	68.26	1.13
568	79.59	0.8
282	97.29	0.55
23	53.24	0
60	99.37	0.43
311	95.47	0.73
590	81.41	0.97
282	63.95	0
13	56.9	0
62	94.03	0.63
23	58.93	0.39
41	81.51	0.04
321	96.67	0.69
34	58.04	0.1
26	75.86	0
511	65.52	0
31	83.16	0.33
53	99.16	0.33
63	99.5	0.33
507	79.14	0.8
15	53.45	0
289	96.45	0.29
22	77.02	0.04
61	99.07	0.34
36	99.97	0.54
61	97.86	0.36
678	68.92	1.64
328	95.66	0.93
305	62.57	0
23	69.3	0.04
321	96.35	0.75
58	99.67	0.44
308	70.33	0
580	70.69	0
35	99.37	0.54
706	62.93	1.72
283	96.72	0.45
47	62.76	0.1
54	65.7	0.04
28	66.01	0.04
19	80.15	0.04
54	72.5	0.04
267	96.28	0.71
322	94.84	0.59
292	64.29	0
33	99.97	0.54
35	82.87	0.33
94	98.52	0.38
336	97.57	1.59
160	99.45	0.59
692	80.67	1.43
56	99.09	2.16
75	98.09	0.24
604	91.52	1.45
539	95.72	1.49
19	64.29	0.04
84	88.47	0.29
672	86.24	1
316	98.09	1.42
597	82.76	0
318	98.02	2.1
85	89.72	0.38
55	99.39	3.92
727	77.1	1.69
681	70.11	0.87
73	97.25	0.07
766	76.57	1.22
731	61.98	2.22
723	87.53	1.62
481	97.25	1.8
66	81.54	0
280	98.47	0.53
98	98.99	0.57
178	99.31	1.1
717	62.68	1.38
777	78.85	1.47
663	85.83	1.36
714	65	1.42
720	62.01	0.99
311	97.93	1.05
173	99.04	0.93
543	95.25	1.55
64	99.26	1.86
68	97.8	1.85
773	84.17	1.24
15	61.01	0.04
293	97.64	0.96
85	97.23	0.33
67	76.13	0.48
484	76.9	0.86
582	92.05	1.37
21	58.63	0.39
715	83.23	1.31
83	99.04	0.37
375	96.81	1.41
55	98.7	0.07
320	97.68	1.39
328	98.51	1.35
541	94.31	1.28
146	99.1	0.63
312	96.31	1.27
681	59.26	1.29
455	93.62	0.56
332	98.25	0.74
310	96.62	1.58
776	84	1.87
642	72.41	1.72
89	97.71	0.41
91	93.02	0.41
595	93.38	1.62
665	86.58	2.01
777	71.85	1.78
91	91.98	0.45
720	80.48	1.14
572	89.46	1.11
315	97.25	0.96
298	97.15	1.62
58	99.23	0.97
152	98.61	0.55
775	63.08	1.4
708	89.81	2.1
607	92.5	2.17
613	91.46	1.76
128	98.2	0.15
783	83.79	1.87
362	97.96	0.94
163	98.75	0.66
684	82.56	0.95
469	95.54	0.98
528	93.12	0.67
69	94.34	0.05
60	99.1	0.19
70	99.28	1
663	57.74	1.46
65	62.07	1.72
43	68.87	0.04
688	90.55	2.07
155	99.31	0.38
29	83.3	0.39
30	52.12	0.35
17	61.61	0.04
531	93.6	1.51
776	76.48	1.1
446	94.63	2.35
316	96.37	1.53
555	93.79	1.22
172	98.81	0.5
739	61.24	0.67
59	72.31	0.27
19	72.32	0.04
487	95.93	1.3
593	90.38	1.17
174	98.2	0.83
80	99.24	0.22
456	95.61	1.24
717	64.03	0.72
526	94.66	1.73
780	70.17	0.85
30	66.37	0.54
28	83.3	0.39
746	81.35	0.78
688	53.88	0.41
705	83.73	1.19
20	61.61	0.19
641	91.94	1.2
496	95.33	1.04
156	99.13	0.91
279	98.17	1.57
697	53.04	0.26
713	62.7	0.88
613	93.11	1.19
59	98.55	1.86
60	97.28	2.12
713	86.25	2.71
314	97.3	1.47
613	90.02	1.98
20	53.01	0.35
62	97.79	0.19
809	75.74	1.23
526	94.51	1.67
147	99.05	0.6
301	97.46	1.18
32	83.3	0.54
679	85.25	2.11
57	51.21	0
297	96.88	0.8
351	98.09	0.72
612	90.43	1.93
728	82.32	0.67
149	99.19	0.87
512	95.73	1.75
680	86.94	1.76
804	76.6	0.71
520	94.86	1.47
486	96.24	1.83
508	94.91	2.07
311	98.22	0.82
454	96.79	1.14
670	84.95	1.56
794	75.77	1.95
25	67.26	0.39
743	83.53	1.62
63	98	1.79
571	90.51	1.08
616	54.9	0.88
680	56.25	0.5
81	97.57	0.43
675	83.2	2.26
690	56.86	1.22
56	98.57	1
92	98.39	1.97
332	98.11	1.08
306	97	0.85
740	64.22	0.82
74	97.75	0.04
616	92.43	1.92
654	89.39	1.96
53	96.15	0.04
50	98.46	0.33
776	72.07	1.31
18	64.88	0.04
464	97.57	1.79
777	73.87	0.67
564	94.83	1.7
578	92.99	1.46
619	93.8	2.02
31	85.98	0.39
743	63.22	1.15
828	82.63	2.49
28	86.87	0.39
62	99.31	2.47
494	93.7	1.4
58	68.97	0
98	99.13	0.33
103	70.8	0.04
82	77.01	0.25
118	99.89	0.69
91	69.54	0.11
47	62.18	0.09
155	98.95	0.72
166	99.27	0.37
159	98.23	0.48
163	99.37	0.14
157	99.46	0.47
167	99	0.43
167	98.94	0.52
161	99.52	0.07
111	99.77	0.1
118	85.78	0.06
41	88.04	0.1
565	85.14	1.05
649	75.46	1.07
309	59.83	1.72
327	98.17	0.47
227	98.94	0.38
250	98.03	0.61
229	98.91	0.55
264	99.05	0.87
223	98.67	0.49
357	98.6	0.53
307	96.69	0.99
239	99	0.51
316	98.6	0.76
232	99.73	0.59
232	98.79	0.5
341	98.55	0.64
316	99.01	0.92
356	98.38	1.45
271	95.87	0.46
329	97.24	0.57
62	59.9	1.45
126	63.43	0
77	82.92	0
86	81.9	0
87	69.84	1.64
332	61.36	0
82	98.24	1.11
15	62.5	0.04
44	51.82	0.19
251	93.9	0.89
62	98.57	0.04
227	96.89	0.25
103	98.61	0.47
113	98.32	0.57
54	67.59	0
43	99.04	0.04
259	68.97	1.72
219	70.69	0
40	74.26	0.04
73	80.83	0
105	92.46	0.63
574	94.19	1.01
515	93.1	2.39
44	88.36	0.04
20	68.72	0.04
18	60.68	0.04
111	99.69	0.4
59	99.97	0.04
568	95.21	2.08
40	63.92	0.3
120	99.2	0.3
86	98.72	0.29
174	93.69	0.94
657	68.12	1.16
533	91.36	1.12
55	99.95	0.19
417	92.76	1.16
94	98.06	1.02
33	96.4	0.37
34	96.4	0.37
27	51.72	0
31	96.4	0.37
17	81.81	0.37
87	93.06	0.16
33	52.64	0.06
607	64.41	1.12
643	68.18	1.87
199	98.08	0.34
211	99.16	0.39
16	55.11	0.04
620	87.54	1.17
253	98.21	0.1
33	56.51	0.04
85	98.86	0.53
159	98.75	0.53
200	98.96	0.57
149	97.14	1.34
65	99.08	0.45
179	97.03	0.63
179	97.48	3.9
165	95.75	0.28
159	66.54	0
105	98.48	0.53
118	99.22	4.53
584	82.58	0.51
69	58.27	0.58
36	82.71	0.04
55	99.21	0.14
60	74.76	0.94
121	69.12	0
151	69.98	0
133	99.34	0.22
288	97.79	1.07
316	95.54	1.29
118	98.31	0.14
123	99.27	0.71
96	99.08	0.26
171	95.03	1
225	61.36	0
118	96.73	0.56
80	99.67	0.08
31	68.36	0.04
64	88.57	0.04
69	99.97	0.33
83	99.45	0
36	83.9	0.04
41	99.97	0.07
145	69.98	3.45
66	99.37	0.09
48	98.94	0.06
123	78.45	1.72
43	99.97	0.07
143	99.59	1.3
439	74.48	0
68	99.93	0.15
41	98.68	0.04
60	65	0
76	98.3	0.04
95	73.28	0
127	98.2	0.19
81	99.97	0.08
273	98.27	1.05
157	62.07	1.72
31	80.03	0.14
34	99.89	0.08
136	97.83	0.63
76	99.11	0.22
477	93.02	2.03
88	99.52	0.14
36	62.36	0.04
89	62.41	0
74	98.03	1.38
94	70.69	0
39	99.07	0.04
22	80.62	0.04
111	99.26	0.14
116	99.92	0.33
83	62.7	0
40	96.99	0.04
156	94.04	0.73
76	99.63	0.2
92	98.54	0.09
79	59.69	0.88
58	98.42	0.04
47	71.14	2.07
310	95.4	1.86
99	98.33	0.22
312	97.34	1.97
104	99.76	0.1
179	70.69	1.72
60	99.67	0.41
58	99.07	0.04
214	96.53	4.56
152	73.75	0
584	62.38	0.86
39	99.07	0.33
119	99.72	0.1
98	99.36	0.26
86	97.78	0.69
96	99.2	0.21
109	93.12	0.63
91	99.49	0.42
109	62.07	0
129	71.71	3.45
101	98.78	0.57
155	77.12	2.82
138	99.94	0.28
140	74.64	0
108	97.14	0.64
87	99.25	0.09
141	99.62	0.61
149	99.38	0.58
156	95.97	0.57
109	98.29	0.72
42	99.67	0.04
85	99.75	0.9
148	96.71	2.26
233	75	0
96	96.71	0.19
226	96.77	1.17
32	99.67	0.04
607	66.72	0
56	60.72	0.17
289	96.77	1.02
335	90.5	1.73
248	96.77	0.3
675	70.04	2.61
663	69.79	1.24
184	95.63	1.55
114	99.03	0.65
638	77.82	1.25
164	97.24	0.52
185	96.66	0.37
644	67.66	0.86
693	77.1	1.6
126	98.36	0.14
122	99.37	0.11
451	90.86	1.01
390	95.92	1.24
446	56.61	0.54
34	70.93	0.04
86	75.77	1.88
120	98.14	0.49
570	90.48	3.13
652	81.72	1.05
55	99.37	0.06
104	98.96	4.46
444	95.41	2.28
662	86.87	1.23
634	91.39	2.67
125	98.29	0.31
340	97.03	0.8
581	77.45	0.64
200	96.61	0.33
94	99.89	0.21
71	99.62	0.14
263	70.17	0
36	78.72	0.33
80	87.29	0.34
50	54.94	0
614	78.62	0.42
604	79.38	0.9
618	79.07	1.25
235	95.38	1.8
40	83.6	0.09
528	54.08	0
284	88.73	0.33
37	77.05	0.19
265	97.56	0.23
705	63.58	0.79
37	97.65	0.35
29	98.19	0.04
85	68.02	0.43
29	58.26	0
40	84.09	0.04
149	96.4	0.4
41	80.4	0.04
71	74.19	0.04
663	58.78	0.76
444	89.61	2.52
573	66.37	0.64
577	71.66	0.49
561	59.64	0.33
238	96.96	0.12
245	97.61	0.14
554	85.69	0.32
463	94.15	0.8
500	91.13	0.71
266	97.84	0.94
45	67.55	0.27
579	83.76	1.36
235	94.63	0.59
142	97.6	0.25
610	90.65	1.43
784	72.29	2.78
291	96.65	1.25
583	91.29	0.51
302	97.9	0.7
185	98.53	0.55
552	85.8	1.34
737	50.86	0
734	66.18	1.63
403	54.81	0
173	99.31	0.19
47	99.67	0.04
568	91.62	1.37
139	98.67	0.5
648	88.66	1.94
725	71	1.27
35	50.74	0.04
313	96.45	0.47
137	97.92	0.21
412	96.88	0.45
77	97.79	0.2
61	99.97	0.39
569	87.54	1.12
646	89.27	1.02
146	98.48	0.04
549	94.72	1.59
402	95.73	0.85
513	90.48	2.3
677	73.9	1.92
743	75.24	1.85
263	96.89	0.24
385	97.02	1.93
54	92.6	0.14
232	97.74	0.17
36	68.45	0.04
730	66.18	0.76
153	93.58	0.4
143	98.86	0.11
186	99.48	0.63
448	94.39	3.78
537	94.05	2.38
80	99.67	0.33
706	88.9	2.04
667	79.73	0.84
190	98.29	0.79
39	58.62	0
459	95.81	0.98
225	96.97	1.06
344	97.77	0.97
106	98.81	0.44
709	79.75	1.02
115	99.27	0.16
78	98.33	2.24
46	56.27	0.15
84	98.69	2.48
94	99.33	0.88
103	98.42	0.63
43	99.97	0.04
200	99.66	0.1
439	71.71	0
100	98.7	0.71
502	83.91	1.82
21	60.95	0.03
655	80.64	0.83
414	51.72	0
28	57.82	0.04
481	81.21	1.72
422	93.41	0.86
730	75.9	1.27
136	97.69	0.28
100	93.5	2.4
738	58.76	1.22
565	90.87	2.39
742	61.97	1.16
670	88.58	1.21
252	98.85	1.1
133	99.88	0.47
62	99.71	0.04
77	98.92	0.84
31	96.99	0.19
704	87.31	0.93
53	99.37	0.19
40	99.97	0.48
52	99.82	0.04
81	99.67	0.24
526	55.47	0.24
79	99.43	0.36
561	92.42	1.26
663	75.49	1.05
740	65.85	1.29
42	99.97	0.33
40	99.97	0.33
38	99.37	0.33
39	99.97	0.33
39	99.97	0.33
38	98.18	0.33
39	99.97	0.33
255	97.8	0.63
47	65.74	0.04
41	99.97	0.33
44	99.97	0.33
42	99.97	0.33
41	99.97	0.33
41	99.75	0.33
46	99.97	0.33
43	99.97	0.33
87	90.44	0.33
40	99.97	0.33
39	99.37	0.33
40	99.97	0.33
81	88.96	0.33
40	99.37	0.33
39	99.97	0.33
39	99.97	0.48
39	99.97	0.33
93	99.97	0.43
39	96.1	0.33
41	99.97	0.33
46	99.97	0.33
92	56.77	0.33
26	55.36	0.04
90	88.27	0.04
47	99.97	0.33
40	99.97	0.33
115	99.58	0.43
42	99.97	0.33
124	69.93	0.24
42	99.97	0.33
54	99.97	0.33
48	99.97	0.33
54	99.97	0.33
50	99.97	0.33
42	99.97	0.33
51	99.97	0.33
510	70.09	0.65
94	91.34	0.33
43	99.97	0.33
36	98.18	0.33
41	99.97	0.33
42	99.97	0.33
41	98.18	0.33
37	99.97	0.33
39	98.18	0.33
64	99.67	0.04
36	98.18	0.33
36	98.18	0.33
43	99.97	0.33
37	99.97	0.33
40	99.97	0.33
54	85.39	0.04
39	99.97	0.33
39	99.97	0.33
41	99.97	0.33
38	99.97	0.33
39	99.97	0.33
397	91.91	0.93
39	99.37	0.33
37	99.97	0.33
138	68.55	0.1
40	99.97	0.33
40	99.97	0.33
41	99.97	0.33
42	99.97	0.33
38	99.97	0.33
24	55.13	0.33
42	99.97	0.33
39	98.18	0.48
42	99.97	0.33
42	98.18	0.48
43	99.97	0.33
40	97.97	0.33
42	99.37	0.48
24	58.62	0
87	89.55	0.33
84	88.66	0.33
85	89.55	0.33
85	97.29	0.33
93	98.78	0.33
172	90.33	1.09
89	98.48	0.33
47	99.37	0.33
28	77.38	0.33
97	99.67	0.33
37	99.97	0.33
42	99.97	0.33
40	99.97	0.33
41	99.97	0.33
41	99.97	0.33
42	99.37	0.33
43	98.48	0.48
43	98.48	0.48
45	99.97	0.48
31	83.6	0.33
41	99.97	0.33
39	99.97	0.33
39	99.97	0.33
42	99.97	0.33
44	99.97	0.33
40	99.97	0.33
39	99.97	0.33
39	99.37	0.33
33	82.71	0.33
26	75.86	0
18	58.62	0
54	98.56	0.33
39	98.18	0.48
40	99.37	0.33
55	99.97	0.09
53	99.97	0.09
39	99.37	0.04
43	99.37	0.48
43	99.16	0.48
48	99.97	0.48
46	99.97	0.48
42	98.18	0.33
50	99.37	0.63
44	99.97	0.48
41	98.18	0.33
40	99.97	0.04
57	99.97	0.09
67	99.97	0.24
48	96.69	0.09
38	99.97	0.04
62	99.97	0.24
60	99.97	0.24
40	99.97	0.33
86	99.32	0.12
46	99.37	0.48
41	99.37	0.48
41	99.37	0.48
44	99.37	0.48
41	99.37	0.33
313	95.29	0.51
40	98.18	0.48
44	98.18	0.48
24	75.6	0.33
32	77.38	0.33
29	81.51	0.33
25	56.25	0.04
27	76.19	0.33
47	98.48	0.33
29	76.19	0.33
26	51.49	0.04
28	54.17	0.04
26	75.52	0.04
28	81.51	0.33
42	99.97	0.33
42	99.97	0.33
41	99.97	0.33
39	99.97	0.33
39	99.97	0.33
40	99.97	0.33
37	98.18	0.33
40	99.37	0.33
35	98.18	0.33
42	99.97	0.33
37	99.37	0.33
41	99.97	0.33
41	99.97	0.33
40	99.97	0.33
23	52.98	0.04
88	92.53	0.33
18	63.79	0
39	98.78	0.48
90	99.07	0.33
90	88.66	0.33
85	97.88	0.33
92	99.67	0.33
88	93.12	0.33
516	87.59	0.7
47	99.07	0.48
48	98.48	0.48
48	99.07	0.48
41	99.37	0.33
39	98.18	0.48
45	99.37	0.48
41	99.37	0.48
40	98.18	0.48
43	99.37	0.48
37	98.18	0.33
42	98.18	0.48
40	99.37	0.48
42	99.37	0.48
50	99.97	0.48
41	98.18	0.33
43	99.16	0.48
42	99.37	0.33
41	99.37	0.48
42	98.18	0.48
40	98.18	0.48
40	98.18	0.48
39	99.97	0.33
37	97.59	0.33
42	99.97	0.33
41	99.37	0.48
43	98.18	0.48
52	99.07	0.48
42	98.18	0.48
49	98.48	0.48
40	99.37	0.33
40	98.18	0.48
41	98.18	0.48
42	98.18	0.48
38	98.18	0.48
40	98.18	0.48
42	98.18	0.33
22	58.63	0.04
50	99.07	0.48
50	99.07	0.48
46	98.48	0.48
50	99.07	0.48
84	89.25	0.33
88	99.07	0.33
86	92.53	0.33
85	87.17	0.33
84	86.87	0.33
83	91.93	0.33
91	91.93	0.33
85	89.25	0.33
89	88.96	0.33
89	99.67	0.33
85	88.66	0.33
82	90.44	0.33
83	88.06	0.33
89	91.34	0.33
86	91.04	0.33
90	87.76	0.33
40	99.37	0.33
185	95.59	0.54
41	99.97	0.33
42	98.18	0.48
40	98.18	0.33
41	98.18	0.48
37	98.18	0.48
38	97.51	0.48
39	98.18	0.48
42	98.18	0.48
41	98.18	0.48
48	99.97	0.48
42	98.18	0.48
74	86.28	0.04
124	99.88	0.43
83	93.42	0.33
81	89.25	0.33
85	88.66	0.33
43	51.82	0
94	99.67	0.33
87	95.8	0.33
84	90.15	0.04
93	94.91	0.14
48	99.07	0.48
47	99.07	0.48
46	98.78	0.33
49	98.48	0.48
68	56.15	0.04
49	93.12	0.48
49	98.48	0.48
67	87.76	0.04
84	97.88	0.33
83	88.36	0.33
86	98.78	0.33
87	92.53	0.33
80	89.25	0.33
86	97.59	0.33
82	86.87	0.33
72	88.06	0.04
55	93.12	0.48
46	93.12	0.48
48	91.63	0.48
47	98.48	0.48
49	99.07	0.48
48	98.48	0.48
87	91.04	0.33
84	89.55	0.33
89	91.34	0.33
87	97.88	0.33
95	99.67	0.33
90	89.55	0.33
89	90.44	0.33
87	90.15	0.33
52	99.07	0.48
48	99.07	0.48
49	99.07	0.48
52	98.48	0.48
53	99.97	0.48
49	98.48	0.48
49	98.48	0.48
71	85.68	0.04
90	90.44	0.33
88	88.96	0.33
91	91.34	0.33
81	88.06	0.33
91	99.37	0.33
87	94.31	0.33
86	97.88	0.33
95	99.67	0.33
87	91.34	0.33
50	99.62	0.41
50	99.62	0.41
53	99.62	0.41
50	99.62	0.41
87	99.07	0.33
49	99.62	0.41
49	98.48	0.48
44	98.48	0.33
45	98.18	0.48
52	68.15	0.04
59	71.4	0.04
99	94.47	0.47
41	56.55	0.04
46	91.04	0.48
84	85.09	0.33
51	99.07	0.48
50	99.07	0.48
50	99.07	0.48
88	92.23	0.04
55	63.1	0.04
85	89.25	0.33
85	92.53	0.04
86	91.34	0.33
71	96.69	0.04
87	88.96	0.33
93	88.96	0.33
89	88.36	0.33
72	88.96	0.04
34	99.97	0.04
37	99.97	0.04
38	99.37	0.04
86	95.5	0.33
85	88.66	0.33
79	90.15	0.04
82	97.88	0.33
90	99.67	0.33
82	89.85	0.33
83	90.44	0.33
83	91.04	0.33
92	99.67	0.33
78	89.25	0.33
82	92.53	0.33
84	97.88	0.33
83	90.15	0.33
87	91.34	0.33
86	90.74	0.33
84	99.67	0.33
37	99.97	0.04
42	99.97	0.23
42	99.97	0.23
43	99.97	0.08
41	99.97	0.23
40	99.97	0.19
46	99.97	0.08
51	99.62	0.41
48	92	0.35
44	97.18	0.41
52	99.62	0.41
86	87.17	0.33
91	98.48	0.33
86	91.34	0.33
42	99.37	0.08
59	77.94	0.04
47	55.95	0.04
86	90.74	0.33
33	99.37	0.04
43	99.97	0.23
40	99.97	0.19
43	99.97	0.08
45	98.4	0.41
94	88.96	0.33
90	89.25	0.33
89	89.55	0.33
93	91.93	0.33
91	97.88	0.33
94	88.96	0.33
96	98.78	0.33
43	99.67	0.19
85	88.96	0.33
48	98.48	0.48
51	98.48	0.48
48	99.07	0.48
49	98.48	0.48
48	98.48	0.48
53	99.07	0.48
49	98.48	0.48
82	89.55	0.33
90	90.15	0.33
83	89.85	0.33
91	94.91	0.33
79	92.53	0.33
84	88.96	0.33
91	99.37	0.33
90	89.55	0.33
90	99.67	0.33
85	92.23	0.33
97	98.78	0.33
92	91.34	0.33
92	98.48	0.33
86	90.15	0.33
96	94.61	0.33
96	99.37	0.33
90	93.42	0.33
87	97.88	0.33
95	99.07	0.33
91	97.88	0.33
90	91.34	0.33
93	96.69	0.33
92	99.07	0.33
94	99.37	0.33
84	97.29	0.33
81	86.57	0.33
87	92.53	0.33
88	88.96	0.33
92	92.82	0.33
90	99.67	0.33
45	59.79	0.04
98	96.84	0.33
55	69.31	0.04
89	94.91	0.33
89	96.1	0.33
85	88.66	0.33
88	90.44	0.33
84	90.15	0.33
80	87.17	0.33
49	99.97	0.48
49	99.37	0.48
47	98.78	0.48
47	98.78	0.48
47	98.78	0.48
349	95.25	0.57
90	98.78	0.33
84	88.06	0.33
89	90.74	0.33
81	89.55	0.33
92	90.15	0.33
81	89.55	0.33
95	94.31	0.33
98	99.67	0.33
56	98.78	0.52
48	98.78	0.48
52	99.97	0.48
46	98.78	0.48
45	99.37	0.48
37	99.97	0.17
50	99.97	0.48
54	99.97	0.48
48	98.78	0.48
46	99.37	0.48
90	97.81	0.74
45	98.78	0.48
47	98.78	0.48
56	99.97	0.48
41	99.97	0.23
40	99.97	0.08
34	99.97	0.04
72	87.17	0.04
86	91.34	0.33
91	91.34	0.33
85	91.34	0.33
85	99.67	0.33
89	99.67	0.33
85	91.34	0.33
83	88.06	0.33
92	91.04	0.33
93	88.66	0.33
86	92.53	0.33
83	96.1	0.33
50	99.97	0.52
49	99.97	0.52
100	99.75	0.58
56	99.97	0.52
55	99.97	0.52
51	99.97	0.52
50	99.97	0.52
54	99.97	0.52
52	99.97	0.52
53	99.97	0.52
44	98.78	0.48
52	99.97	0.52
51	99.97	0.52
90	99.59	0.33
83	91.93	0.04
91	99.67	0.33
87	91.34	0.33
127	98.78	0.04
86	94.61	0.33
46	98.78	0.33
47	98.78	0.48
46	59.79	0.33
52	99.97	0.52
55	99.97	0.52
45	98.78	0.48
48	99.37	0.48
84	88.66	0.33
574	84.54	0.87
45	98.78	0.48
53	99.97	0.48
24	82.11	0.04
31	99.97	0.33
26	99.07	0.33
27	99.37	0.33
32	99.37	0.33
53	99.97	0.48
48	99.97	0.33
47	98.78	0.48
40	98.78	0.33
48	98.78	0.48
47	98.78	0.48
48	98.18	0.48
462	91.32	0.16
29	80.19	0.33
53	99.97	0.52
52	99.97	0.52
498	86.32	0.7
44	80.92	0.19
51	99.97	0.52
38	99.97	0.33
83	99.67	0.33
41	99.37	0.33
41	99.97	0.33
88	90.44	0.33
81	90.44	0.33
88	92.82	0.33
41	99.37	0.48
40	99.97	0.33
47	98.78	0.48
294	52.49	0.33
29	81.22	0.33
54	99.97	0.52
51	99.07	0.52
54	99.97	0.52
55	99.97	0.52
51	99.97	0.52
48	98.78	0.48
48	99.37	0.48
54	99.97	0.52
56	99.97	0.52
28	99.37	0.33
39	98.18	0.33
48	98.78	0.48
48	98.18	0.48
42	98.78	0.33
55	99.97	0.52
23	98.78	0.33
48	98.78	0.48
19	59.82	0.33
83	90.44	0.33
41	98.78	0.33
53	99.97	0.52
44	98.78	0.48
55	99.97	0.52
46	99.37	0.33
19	62.5	0.04
20	56.85	0.04
59	99.97	0.52
28	80.62	0.33
43	98.78	0.48
50	99.97	0.52
496	87.5	0.41
45	98.78	0.48
48	98.78	0.48
40	99.37	0.33
48	98.78	0.48
42	98.78	0.33
48	98.78	0.48
46	99.37	0.48
50	99.37	0.48
49	98.78	0.48
43	98.78	0.33
50	98.78	0.48
52	98.78	0.48
43	98.78	0.33
53	99.97	0.48
53	99.97	0.48
48	99.37	0.48
42	98.78	0.33
45	98.78	0.48
44	98.78	0.33
55	99.97	0.48
50	99.97	0.33
41	98.78	0.33
46	98.78	0.48
40	98.78	0.48
50	99.37	0.48
47	99.37	0.48
48	99.37	0.48
55	99.97	0.48
43	98.78	0.33
31	99.97	0.33
49	99.37	0.48
47	99.37	0.48
47	99.37	0.48
46	99.37	0.48
52	99.97	0.48
40	98.78	0.33
44	99.97	0.33
33	99.97	0.33
50	98.78	0.48
52	99.97	0.52
45	99.97	0.33
50	99.97	0.52
53	99.97	0.52
50	98.78	0.48
54	99.97	0.52
505	87.37	0.72
51	99.97	0.52
56	99.97	0.52
55	99.97	0.52
469	53.44	0.54
207	98.41	0.61
169	99.61	0.21
632	82.18	1.76
152	98.73	0.63
585	66.4	1.56
583	70.33	0.74
138	98.28	0.62
502	85.43	1.43
271	96.1	0.43
348	95.44	0.82
371	91.34	1.11
54	61.9	0.04
102	79.96	0.45
185	66.02	0
590	85.79	1.07
30	58.18	0.06
642	60.34	0
581	55.49	0
584	63.47	1.07
140	97.11	0.5
169	66.03	0.33
31	59.82	0.04
574	60.42	0.79
632	78.98	1
135	97.88	0.2
522	83.21	1.12
449	89.28	0.74
460	91.04	1.29
69	99.37	0.39
117	97.59	0.04
344	95.82	0.53
58	98.78	0.65
414	68.26	2.59
581	68.93	0.54
123	93.4	1.8
430	90.29	0.68
84	98.75	0.05
301	89.72	0.96
480	87.69	0.74
356	92.56	0.32
265	97.05	1.4
566	87.56	0.92
550	70.83	0.35
25	63.66	0.09
410	92.99	2.11
216	97	0.58
304	98.52	1.57
610	53.2	0.43
326	96.13	0.19
262	76.36	0
576	63.06	1.49
51	69.31	0
93	97.79	0.25
196	97.49	0.59
482	77.76	0.75
324	93.5	0.66
505	80.91	0.54
98	98.78	0.28
374	86.59	0.4
555	55.68	0.2
127	99.22	0.86
661	68.17	1.22
708	69.83	0.73
660	86.01	1.5
195	65.67	2.07
271	99.07	1.65
80	99.32	0.1
86	90.41	0.48
87	96.27	0.06
55	99.97	0.16
58	99.37	0.08
600	72.81	0.94
609	55.49	0
342	98	1.81
131	98.8	0.41
51	99.82	0.11
418	89.39	0.42
201	66.38	0
60	99.67	0.04
297	97.82	1.35
144	97.87	0.33
72	98.69	0.54
687	87.28	2.51
129	99.1	0.6
38	58.72	0.04
717	74.65	1.46
43	98.78	0.33
58	98.82	0.76
179	96.94	0.04
70	99.93	0.09
152	95.65	0.37
47	99.93	0.12
33	98.71	0.08
353	91.14	0.89
736	74.25	1.18
502	86.07	1.79
403	96.33	2.52
451	88.76	1.29
577	62.45	1.19
310	96.29	0.71
60	50.87	0.04
201	98.52	0.69
532	86.1	1.1
443	59.28	1.72
356	92.85	0.88
613	68.48	0.73
633	81.41	0.62
145	98.94	0.43
486	87.73	1.18
141	98.88	0.63
634	61.03	0.27
594	59.73	0.48
615	55.25	0.71
385	97.02	0.97
267	94.3	1.13
575	51.64	0.28
660	79.79	2.26
487	96.82	3.65
679	73.44	2.07
463	97.2	4.02
682	81.42	2.47
450	97.33	2.67
553	85.64	1.25
371	95.59	1.34
603	81.06	1.23
575	85.08	1.06
631	66.28	1.12
42	99.37	0.04
183	98.87	0.79
200	99.41	0.53
166	96.46	0.42
258	98.86	0.84
180	98.73	0.33
485	75.9	0.84
593	84.52	2.23
489	98.58	3.26
681	76.09	2.08
596	58.61	0
128	98.65	0.26
23	55.32	0.04
104	97.04	0.22
227	99.39	1.01
62	99.61	0.04
661	59.37	0.45
56	99.97	0.33
729	80.24	1.32
528	94.6	1.44
199	97.3	0.42
65	99.93	0.09
183	99.44	0.9
92	92.39	0.21
33	83	0.33
36	74.97	0.04
11	50.3	0.04
20	59.48	0
95	99.97	0.38
31	60.42	0.09
88	93.93	0.11
281	58.1	0
149	97.48	1.03
41	60.09	0.05
50	62.93	0
68	75.71	0.09
70	65.59	0.1
219	94.55	0.5
104	54.81	0
67	99.07	0.09
88	57.24	0
371	91.91	1.06
60	78.62	0.39
47	64.04	1.71
96	98.01	1.75
28	69.05	0.04
126	64.14	0
41	54.47	0
81	69.08	0
28	81.51	0.19
45	78.06	0.11
100	99.62	0.17
81	99.32	0.17
688	84.37	1.24
85	99.62	0.1
70	93.16	0.1
213	66.88	0
43	78.2	0.1
580	87.72	1.08
614	59.58	0.21
636	82	0.65
153	99.27	0.54
95	97.73	0.07
194	97.78	0.42
27	79.13	0.04
404	96.28	1.4
147	99.57	0.57
682	78.42	0.74
444	94.1	0.71
56	99.67	0.04
37	99.97	0.04
45	99.97	0.04
64	98.15	0.1
68	99.52	0.1
667	78.8	2.06
212	94.28	0.68
440	92.24	1.64
170	98.12	0.27
147	94.47	2.74
93	96.92	0.04
598	91.13	1.51
28	59.31	0.07
22	63.79	0
41	98.78	0.04
45	81	0.37
57	98.77	0.1
31	93.72	0.04
69	98.9	0.19
35	98.48	0.04
31	94.31	0.19
63	68.61	0
47	98.81	0.1
58	98.58	0.17
44	99.32	0.1
28	78.5	0.1
39	99.06	0.26
62	98.42	0.1
38	99.32	0.1
39	99.07	0.78
44	99.37	0.19
56	78.45	0
77	68.61	0
111	66.72	0
197	75.34	0
63	97.06	0.48
31	81.08	0.33
39	79.6	0.33
30	80.49	0.33
25	71.43	0.33
23	60.71	0.04
47	99.97	0.04
29	81.81	0.04
21	56.6	0.07
27	58.33	0.07
29	62.2	0.11
28	54.46	0.07
34	80.71	0.11
34	80.71	0.07
53	99.62	0.31
44	99.37	0.39
55	99.62	0.31
32	99.37	0.04
35	98.18	0.19
36	82.19	0.07
32	71.1	0.09
47	99.97	0.39
80	99.97	0.33
98	99.97	0.33
28	99.97	0.17
188	97.88	0.47
90	98.57	0.11
465	96.58	3.95
105	99.93	0.41
1492	83.44	2.62
310	96.8	0.7
1435	65.12	1.07
876	82.6	1.53
1172	83.32	1.69
1350	73.5	1.78
1482	81.61	3.04
1316	80.41	3.8
1252	71.1	2.11
1146	90.11	4.71
1114	71	0.92
1234	83.17	3.2
1074	54.66	0.92
636	83.79	0.56
1173	64.32	0.39
446	87.93	0.09
72	99.97	0.43
137	99.67	0.38
1215	62.5	1.15
546	67.82	1.47
534	85.83	0.89
400	97.36	0.55
48	99.16	0.33
104	99.97	0.45
1051	92.53	3
299	96.86	0.45
124	97.21	0.33
104	95.39	1.1
1302	63.94	2.01
1295	56.94	0.99
570	63.79	0.38
70	99.62	0.18
59	99.01	0.18
1196	81.87	3.09
436	92.01	0.43
262	98.96	0.77
583	90.81	0.19
1024	90.64	2.48
411	94.69	0.69
107	97.59	0.84
219	99.46	0.88
78	99.97	0.08
82	58.33	0.07
424	90.16	2.52
163	96.4	0.19
1092	84.63	1.15
303	62.86	1.42
1255	67.85	1.81
1025	82.44	1.84
198	95.87	0.04
950	79.5	2.3
1226	67.71	2.5
726	92.53	4.47
1185	71.51	0.81
333	97.48	0.63
348	97.23	0.41
1211	62.51	0.92
1381	69.59	3.16
1238	62.75	0.41
356	97.73	0.1
1042	88.55	4.46
772	71.25	1.15
568	85.21	1.82
1247	85.42	1.37
1234	81.78	1.86
1208	61	1.03
343	92.81	0.11
1233	75.81	1.07
585	94.15	2.91
322	96.9	3.18
444	95.6	2.93
507	85.76	4.56
91	97.59	0.26
218	98.18	0.56
491	89.68	1.15
1318	63.93	2.26
368	95.69	1.41
1519	79.22	1.95
773	91.77	1.54
223	97.93	0.67
1562	63.07	2.28
700	95.88	2.18
1442	88.44	3.31
127	99.37	0.35
321	97.48	0.63
86	99.97	0.04
1372	73.33	3.61
111	98.51	0.53
618	74.08	2.03
44	98.78	0.04
1450	67.57	2.25
44	99.97	0.56
137	99.91	0.16
713	98.49	3.56
76	99.01	0.47
1684	80.66	2.98
61	99.97	0.09
59	99.97	0.31
151	99.48	1.6
711	80.07	1.77
41	99.97	0.17
148	96.66	0.04
678	89.66	1.69
1427	69.91	2.27
1367	60.66	1.71
1394	68.55	1.94
1603	81.49	3.48
53	99.97	0.07
641	86.55	2.29
50	97.88	0.41
598	82.01	1.54
1070	58.51	0.66
892	59.44	1.35
39	99.97	0.04
1472	83.66	3.33
680	89.07	2.35
1534	72.94	4.5
1479	58.79	1.68
48	99.97	0.04
554	87.55	1.59
1541	69.64	2.26
1536	65.06	1.34
153	97.88	0.11
65	97.29	0.04
402	88.17	3.59
439	92.85	2.13
140	99.26	0.22
551	81.42	0.75
234	97.25	0.36
58	99.97	0.09
388	96.47	0.69
279	97.33	0.53
126	98.51	0.14
1248	91.66	3.79
112	97.8	0.08
92	96.46	1.15
82	99.97	0.36
227	98.53	0.3
113	99.22	0.33
69	97.29	0.04
158	99.13	0.36
127	99.92	0.62
39	99.67	0.17
480	72.57	0
45	99.97	0.04
60	99.97	0.08
77	99.97	0.04
424	94.16	4.86
66	99.67	0.09
489	95.42	2.29
749	79.75	1.18
55	99.97	0.04
435	94.05	1.77
1439	73.72	2.15
1451	79.05	2.39
108	99.97	0.04
31	99.67	0.27
737	90.81	1.62
316	95.98	0.98
56	99.37	0.04
71	99.32	0.15
949	72.72	1.74
98	98.43	0.1
99	99.97	0.1
92	97.98	2.21
1052	67.22	0.63
50	99.97	0.04
563	87.47	0.94
72	99.97	0.04
104	99.97	0.33
137	99.97	0.08
68	99.67	0.09
113	97.97	0.44
1272	86.54	2.55
67	97.63	0.17
1406	85.92	3.56
536	90.22	1.97
856	84.17	2.34
1517	68.31	2.38
790	82.36	3.61
63	96.94	0.12
44	99.97	0.04
549	97.67	1.39
65	99.37	0.39
47	99.97	0.04
79	99.37	0.38
38	99.37	0.33
293	94.6	3.85
237	96.85	1.66
68	99.97	0.39
283	94.22	2.78
50	99.97	0.04
79	99.97	0.39
614	93.24	3.3
30	99.89	0.39
50	99.97	0.04
44	99.97	0.04
80	99.97	0.39
94	99.97	0.09
390	97.52	0.93
337	97.56	1.58
399	98.64	0.96
684	83.1	1.92
724	82.83	1.3
701	91.54	1.58
193	96.03	0.1
434	93.9	0.84
551	75.7	0.38
389	95.32	1.64
439	96.72	1.19
1292	61.84	2.28
665	93.73	2.45
448	94.98	1.59
633	96.21	1.9
187	98.56	0.79
153	96.99	0.11
599	87.01	1.63
1366	73.08	1.78
490	91.25	1.9
1567	69.45	2.1
1563	80.26	2.45
92	98.89	0.17
191	97.9	0.23
212	96.63	2.04
325	96.29	1
510	89.97	2.32
1026	84.64	2.23
79	98.18	0.06
168	97.06	0.78
425	98.52	1.48
526	95.23	1.92
1425	68	1.43
509	90.52	1.77
511	93.61	1.43
374	94.57	1.34
1035	79.77	0.97
511	90.83	1.03
146	98.03	0.62
138	98.26	0.32
92	99.97	0.63
48	99.97	0.04
66	98.28	0.1
1227	56.08	0.76
672	84.45	3.37
832	71.16	2.28
394	93.71	0.83
163	98.41	1.3
1161	86	2.24
485	96.05	2
89	99.97	0.33
386	92.47	1.91
108	98.03	0.11
382	97.4	1.28
1099	75.71	1.77
1261	59.91	1.56
218	99.57	0.37
386	95.52	1.16
1335	81.56	4.57
409	97.42	0.44
334	96.55	0.58
1317	78.37	1.95
734	91.45	1.26
105	99.07	0.33
61	97.36	0.21
113	97.88	1.39
275	98.2	0.8
161	99.97	0.04
818	86.54	3.69
930	85.94	2.97
58	95.21	0.04
183	97.45	0.04
616	95.75	2.11
567	95.53	1.84
272	98.27	0.6
1112	58.45	1.44
284	97.35	0.94
184	94.3	3.08
97	97.93	0.45
1189	72.35	1.61
1291	66.24	1.21
137	98.28	0.16
143	95.28	0.82
95	96.43	0.04
541	78.9	1.51
320	95.3	2.17
491	93.62	1.22
580	90.24	1.56
1151	92.18	2.45
1393	67.59	2.8
82	98.93	0.31
571	96.72	1.35
373	94.58	1.4
81	96.99	0.33
148	96.86	0.21
91	98.48	0.04
640	83.81	3.1
124	99.67	0.19
574	94.34	1.7
823	85.62	1.53
694	94.5	2.28
536	50.86	0
259	96.37	0.27
566	95.52	4.38
360	93.12	1.09
572	75.17	0.54
392	93.52	1.11
1228	88.36	2.91
922	78.65	2.95
339	95.47	0.47
93	99.62	0.1
967	86.32	1.42
709	90.77	3.75
90	98.58	0.86
224	96.91	0.23
400	97.98	0.56
168	99.02	0.67
164	97.41	0.36
404	94.71	3.96
307	94.6	1.54
176	99.18	0.43
95	98.18	0.47
599	92.85	1.81
40	99.97	0.39
88	99.37	0.25
179	98.15	1.47
115	99.32	0.13
73	98.52	0.29
128	99.01	0.27
29	99.97	0.17
41	99.97	0.17
172	85.45	4.39
160	96.71	1.19
160	96.62	0.84
53	97.26	0.1
41	99.97	0.67
60	99.97	0.09
98	99.97	0.04
126	94.36	3.56
116	93.96	1.09
38	99.97	0.04
97	99.97	0.39
30	99.37	0.33
619	95.87	1.9
132	99.97	0.11
78	99.97	0.09
71	99.97	0.39
142	94.47	0.84
128	99.97	0.09
126	99.97	0.09
51	99.97	0.04
78	99.97	0.07
99	99.97	0.39
29	98.78	0.04
101	99.97	0.39
77	99.62	0.14
75	99.97	0.09
45	99.97	0.37
60	99.62	0.14
85	99.97	0.36
200	94	0.24
57	99.97	0.09
120	99.97	0.09
57	99.07	0.04
27	99.67	0.33
64	99.62	0.14
30	99.97	0.04
44	99.97	0.05
51	99.87	0.04
48	99.97	0.04
51	99.97	0.26
28	99.97	0.04
41	99.97	0.43
95	99.24	0.16
87	99.97	0.33
90	99.97	0.33
42	99.97	0.14
42	99.97	0.04
39	99.97	0.04
88	99.62	0.22
258	69.83	0
106	97.32	0.88
93	90.77	0.27
81	99.97	0.39
39	99.97	0.26
58	99.97	0.04
86	99.97	0.39
42	99.97	0.04
66	99.97	0.08
56	99.97	0.04
39	99.97	0.26
41	99.97	0.04
35	99.97	0.04
52	99.97	0.18
103	99.62	0.51
39	99.97	0.17
63	99.67	0.09
139	99.97	0.1
61	99.37	2.38
77	99.37	0.04
177	99.03	0.62
64	99.97	0.09
124	98.68	0.49
79	99.37	0.04
34	98.06	0.75
169	96.62	0.87
61	97.57	0.1
60	97.33	0.22
125	97.29	0.65
40	99.97	0.04
34	99.37	0.33
47	99.32	0.1
55	97.29	0.54
74	99.97	0.09
47	99.97	0.26
74	99.97	0.33
75	99.97	0.09
57	97.29	0.54
132	97.1	1.09
130	99.97	0.21
42	99.97	0.38
52	97.29	0.54
70	99.97	0.09
30	98.78	0.33
68	97.26	0.1
40	99.97	0.14
35	99.37	0.33
70	99.97	0.04
41	99.97	0.14
136	99.97	0.44
62	97.59	0.04
40	99.97	0.33
126	99.93	0.55
62	99.62	0.31
38	99.97	0.39
56	99.97	0.39
107	99.97	0.41
56	99.97	0.39
32	99.97	0.04
60	99.97	0.39
41	99.97	0.41
43	99.97	0.04
56	99.97	0.39
41	99.97	0.41
731	92.8	2.68
466	93.24	1.25
530	94.78	3.71
88	99.62	0.32
1291	79.19	3.3
70	98.78	0.14
300	95.64	4.58
90	95.8	0.56
273	98.34	2.08
523	96.66	4.22
661	94.41	4.56
1383	59.55	1.48
283	96.27	1.89
1563	72.58	3.33
531	96.99	3.68
316	96.09	0.76
1270	73.57	2.06
445	93.8	2.5
67	97.49	0.17
461	94.55	1.8
186	98.22	0.57
108	96.88	0.1
1163	84.95	2.21
1363	80.56	3.15
327	96.64	1.01
890	96.38	4.24
500	95.06	3.41
1153	78.51	2.22
150	79.66	3.45
163	97.59	0.16
150	94.67	0.78
57	99.47	0.33
163	96.9	0.12
491	93.19	2.56
873	93.53	4.17
524	96.81	4.16
115	99.09	0.57
374	94.2	1.03
231	97.03	1.38
201	95.07	4.83
74	95.7	0.09
1120	74.37	3.02
323	93.82	0.33
942	88.97	4.82
385	96.63	1.65
156	97.32	0.65
545	90.25	3.2
703	82.53	4.77
648	88.79	3.35
87	97.57	0.41
498	91.3	2.64
34	99.37	0.04
84	99.82	0.12
609	97.45	4.08
780	71.44	2.18
1141	73.73	2.4
420	97.36	1.74
327	97.46	2.52
575	94.74	4.04
605	94.03	2.89
448	94.78	2.95
838	68.32	1
66	97.87	0.1
559	76.09	1.24
1425	85.06	4.03
477	96.39	1.81
213	95.73	0.64
534	77.7	1.46
569	88.16	0.87
666	87.25	1.5
235	94.33	0.59
913	72.13	0
919	69.05	1.01
254	99.38	0.85
321	96.86	0.87
942	82.52	1.54
1013	78.77	1.54
54	92.6	0.14
36	80.62	0.04
158	97.9	0.47
704	93.26	1.94
1016	79.6	3.19
299	96.94	1.37
776	89.18	0.93
194	99.26	0.57
651	89.79	1.34
1048	76.81	2.77
41	64.73	0.04
365	98.43	0.66
627	94.27	1.62
141	98.98	0.53
734	91.19	2.15
811	60.14	0
1032	79.94	2.94
46	64.73	0.04
149	97.98	0.21
441	98.29	0.36
78	98.1	0.17
66	99.97	0.39
103	95.75	0.14
1035	76.08	1.2
41	64.9	0.23
149	98.78	0.11
582	96.48	1.79
426	96.39	0.95
60	99.22	0.33
669	95.35	1.53
914	63.43	1.86
810	79.52	1.63
859	85.51	1.5
985	75.23	2.31
40	53.91	0.04
652	95.18	1.86
145	98.27	0.11
200	99.65	0.75
451	93.85	2.5
609	95.4	2.6
77	99.67	0.04
861	94.41	2.66
781	83.95	1.84
195	98.29	0.79
18	63.79	0
488	96.88	1.06
225	97.28	0.76
363	98.39	1.03
128	97.79	0.44
875	86.32	2.01
115	99.57	0.16
80	98.2	2.21
68	99.69	0.21
307	99.12	0.5
114	99.61	0.63
43	99.97	0.04
204	99.67	0.1
103	83.82	0.71
539	85.56	1.84
28	86.21	0.07
784	83.38	1.69
450	52.74	0
25	56.93	0.04
34	66.63	0.04
41	59.17	0.04
513	81.21	0
48	74.14	0
455	94.95	1
909	82.46	1.84
142	98.01	0.28
88	66.05	2.46
1121	62.23	1.72
652	93.49	2.91
985	71.42	1.59
37	68.65	0.04
71	55.16	0
851	79.54	1.82
755	91.03	1.27
257	98.92	1.05
146	96.53	0.24
135	99.88	0.47
66	99.71	0.04
78	98.92	0.84
33	97.59	0.19
836	91.41	1.41
50	99.37	0.19
40	99.97	0.48
777	82.85	1.48
51	99.82	0.04
83	99.67	0.24
81	98.53	0.15
889	72.55	1.17
82	99.45	0.97
988	66.27	0.98
219	98.22	0.15
467	97.81	2.15
889	86.59	2.07
205	93.44	0.4
148	63.68	0.83
1041	59.11	0
922	69.85	1.98
344	98.46	0.77
135	99.37	0.09
133	99.67	0.09
202	99.64	0.29
263	97.07	0.1
191	99.44	0.59
723	94.71	2.12
269	98.4	0.65
95	55.17	0
185	97.13	0.85
55	98.58	0.17
157	99.29	0.52
148	96.28	0.13
48	98.81	0.09
81	99.67	0.04
422	59.48	1.72
194	98.58	0.53
708	70.78	0.92
26	60.34	0
874	82.72	1.3
30	75.86	0
63	99.52	0.15
142	99.59	0.15
153	98.03	0.44
707	90.07	2.06
343	97.56	0.27
568	96.03	1.8
358	94.86	0.17
86	98.7	0.24
901	81.82	3.48
332	95.77	0.83
177	99.09	0.32
631	51.64	0.33
615	70.3	3.45
420	73.28	1.72
419	97.01	1.15
282	98.23	0.79
220	96.65	1.13
555	89.7	0.63
554	60.69	0
809	82.53	0.77
240	96.02	1.04
399	95.47	1.25
67	98.3	0.41
594	93.46	2.04
527	93.04	0.57
350	95	1.18
512	94.17	1.31
62	99.54	0.04
112	96.71	0.07
807	79.96	1.02
161	97.19	0.07
560	91.67	0.57
275	96.41	1.06
431	95.42	0.42
301	98.27	0.68
23	56.9	0
92	98.32	0.08
330	97.51	1.59
425	97.16	0.63
510	53.79	0
154	84.49	0.16
841	70.17	1.97
336	94.2	0.75
110	99.54	0.36
57	70.69	0
27	70.69	0
13	79.73	0.04
690	84.72	1.07
74	79.15	0.38
697	51.88	0.34
17	64.29	0.04
20	51.19	0.07
503	81.85	1.24
504	96.22	1.4
42	62.8	0.04
253	99.26	0.1
70	99.67	0.08
56	99.97	0.39
221	98.3	0.97
328	97.91	0.97
674	56.95	0.42
67	99.07	0.04
41	88.95	0.04
73	85.68	0.04
721	56.5	0
40	99.07	0.04
453	95.85	0.74
365	97.46	0.74
18	81.71	0.33
676	91.7	1.55
699	75.81	1.08
34	83.1	0
45	77.65	0.04
687	66.49	1.28
51	98.78	0.04
28	64.58	0.04
27	53.57	0.04
428	96.59	1.4
55	98.96	0.25
65	99.22	0.48
52	75.89	0.04
58	99.11	0.12
90	56.9	0
40	81.03	0
89	72.84	0.09
63	95.5	0.26
36	72.02	0.04
78	96.18	0.09
45	80.49	0.04
31	61.61	0.07
450	77.66	2.08
18	58.62	0
814	82.68	1.11
583	94.38	0.76
314	93.72	1.08
35	99.87	0.09
476	88.15	0.71
81	99.1	0.94
93	99.67	0.04
197	97.51	1.14
841	70.09	2.27
142	99.45	0.04
26	75.57	0.1
894	67.57	1.16
86	78.69	0.1
50	57.9	0.04
288	97.16	0.64
56	55.95	0.04
59	99.14	0.16
478	93.59	1.26
25	53.35	0.1
806	66.7	0.99
587	70.85	3.45
723	89.71	3.21
147	97.66	0.19
809	64.66	1.24
270	96.49	2.8
603	94.02	1.81
180	98.61	0.47
901	73.83	2.25
555	92.27	4.4
425	95.38	4.48
164	51.72	0
42	57.74	0.04
218	97.17	0.56
28	65.44	0.04
49	65.7	0.04
700	65.91	1.12
329	98.37	1.44
102	98.59	0.36
260	98.28	0.53
292	97.17	1.14
39	99.62	0.1
35	95.21	0.05
296	87.83	0.91
65	60.34	0
31	64.51	0
123	99.97	0.05
196	99.52	1.87
727	79.05	1.31
622	86.77	2.03
52	62.2	0.04
97	94.47	0.17
422	96.98	2.17
105	95.01	0.19
590	97.81	3.14
27	61.75	0.1
594	90.34	2.81
749	76.36	1.18
738	91.45	1.54
797	72.23	1.48
268	96.97	1.28
697	89.63	2.13
870	78.41	2.4
772	72.38	1.7
814	84.35	2.49
792	56.47	0.41
391	97.96	0.84
648	92.6	0.97
213	99.37	0.35
79	99.47	0.05
161	98.09	0.09
294	96.13	1.37
921	82.45	2.32
389	97.73	4.26
754	61.64	1.87
47	54.67	0.1
282	96.12	1.26
202	99.38	0.64
143	99.44	0.79
774	91.37	1.61
860	71.87	1.72
86	99.97	0.45
98	68.97	0
21	80.32	0.04
27	56.25	0.04
28	51.83	0.1
118	99.41	0.45
810	88.51	2.83
76	76.41	0.32
50	99.62	0.1
886	78.06	2.03
542	94.59	0.9
101	99.49	0.39
82	98.48	0.37
48	50.65	0.02
20	50.88	0.04
22	67.23	0.1
31	81.22	0.04
342	98.4	0.63
90	63.97	0.21
487	96.99	2.79
28	68.53	0.06
42	86.8	0.08
526	95.1	1.52
40	80.07	0.1
797	63.11	0.58
834	73.6	2.01
195	97.63	1.4
520	81.57	0.65
913	75.91	3.03
113	61.15	0.04
294	99.27	0.19
894	75.92	0.41
45	97.88	0.04
728	60.5	0
321	96.18	1.37
663	87.79	1.13
188	83.35	1.33
50	99.97	0.04
627	91.53	1.94
849	76.02	0.66
870	74.34	2.01
662	90.89	0.83
505	95.61	2.79
221	99.07	0.04
46	79.43	0.04
1001	80.59	2.67
758	91.95	3.8
227	98.47	1.02
68	98.3	0.1
264	98.25	1.6
122	83.18	0.63
197	98.16	3.09
549	93.33	2.03
63	98.75	0.04
426	94.93	1.12
145	99.67	0.21
857	68.38	2.41
363	97.7	0.86
537	75.81	0.82
234	98.29	1.18
812	68.59	1.76
24	61.9	0.04
96	99.67	0.14
392	98.35	4.74
782	84.25	1.58
200	96.04	0.73
175	97.41	0.63
603	93.85	1.79
24	54.81	0.04
594	72.57	3.45
